,Ring,SMART,STATUS,PED_ORIENTED,CAT_CODE,LANDUSE,SPC_LU,GN_VA_LU,UNITS,RIF_CALCULATED,MF_CALCULATED,RIF_ACTUAL,DIFF_MF_RF_CALC,DIFF_MF_RF_ACTUAL,YEAR
0,1,In,Assessed,0.0,140-00,Manufacturing,HEAVY INDUSTRIAL,Industrial/Manufacturing,sq. ft.,-156738.92995199998,-152394.6488400606,784095.5800000001,4344.281111939374,-936490.2288400606,2019
1,1,In,Assessed,0.0,150-00,Warehousing,"WAREHOUSING, DISTRIBUTION TERMINALS",Industrial/Manufacturing,sq. ft.,-363457.054532,-120527.67128236887,248747.63,242929.3832496311,-369275.3012823689,2019
2,1,In,Assessed,0.0,210-00,Single Family Detached,SINGLE FAMILY RESIDENTIAL,Single-family,unit,-221694.528,-228912.0692178352,1374678.77,-7217.541217835213,-1603590.839217835,2019
3,1,In,Assessed,0.0,220-00,Apartment (Rentals),MULTI-FAMILY 10 OR MORE,Multifamily,unit,1173957.312,1338674.8708867156,1073361.8,164717.55888671568,265313.07088671555,2019
4,1,In,Assessed,0.0,222-00,High-Rise Apart or Condo over 3 floors,MULTI-FAMILY 10 OR MORE,Multifamily,unit,2513306.4,2787643.0039371788,1365172.09,274336.60393717885,1422470.9139371787,2019
5,1,In,Assessed,0.0,230-00,"Condominium,Townhouse",CONDOMINIUM,Single-family,unit,33934.032,35525.01921653905,0.0,1590.987216539048,35525.01921653905,2019
6,1,In,Assessed,0.0,231-00,Duplex,MULTI-FAMILY LESS THAN 10,Multifamily,unit,-32429.759999999995,-27805.703323070382,2447261.66,4624.056676929613,-2475067.3633230706,2019
7,1,In,Assessed,0.0,310-00,Hotel,"HOTELS, MOTELS",Commercial/Retail,room,3288586.048,3226674.0434699017,0.0,-61912.00453009829,3226674.0434699017,2019
8,1,In,Assessed,0.0,311-00,All Suites Hotel,"HOTELS, MOTELS",Commercial/Retail,room,1800569.6279999998,1347384.3608084037,0.0,-453185.2671915961,1347384.3608084037,2019
9,1,In,Assessed,0.0,560-00,Church/Synagogue,"CHURCHES, TEMPLES",Other,sq. ft.,51520.231752,24946.786359495032,0.0,-26573.445392504967,24946.786359495032,2019
10,1,In,Assessed,0.0,565-00,Day Care Center,PRIVATE SCHOOLS & COLLEGES,Other,sq. ft.,-20375.53518,-114026.6939205512,0.0,-93651.15874055121,-114026.6939205512,2019
11,1,In,Assessed,0.0,610-00,Hospital,HOSPITALS,Other,sq. ft.,1391623.22376,755263.8568737371,1348029.3599999999,-636359.3668862629,-592765.5031262628,2019
12,1,In,Assessed,0.0,710-00,"General Office Building [1-50,000]","OFFICE, ONE STORY",Office,sq. ft.,197729.48236800003,167760.7581906978,2385325.74,-29968.72417730224,-2217564.9818093022,2019
13,1,In,Assessed,0.0,710-01,"General Office Building [50,001 -100,000]","OFFICE, ONE STORY",Office,sq. ft.,923641.5558039999,889346.7858857133,0.0,-34294.76991828659,889346.7858857133,2019
14,1,In,Assessed,0.0,710-02,"General Office Building [100,001-150,000]",PROFESSIONAL BUILDING,Office,sq. ft.,1571025.8575439998,1746982.5412490338,0.0,175956.68370503397,1746982.5412490338,2019
15,1,In,Assessed,0.0,820-00,"Shopping Center/General Retail [1-10,000]","STORES, ONE STORY",Commercial/Retail,sq. ft.,-17177.53518711996,-14180.038922663858,1686022.81,2997.496264456102,-1700202.8489226638,2019
16,1,In,Assessed,0.0,820-01,"Shopping Center/General Retail [10,001 -50,000]","STORES, ONE STORY",Commercial/Retail,sq. ft.,676290.371328,398774.266567274,0.0,-277516.104760726,398774.266567274,2019
17,1,In,Assessed,0.0,820-02,"Shopping Center/General Retail [50,001 -100,000]","STORES, ONE STORY",Commercial/Retail,sq. ft.,749310.9446239999,345904.58734670846,0.0,-403406.3572772914,345904.58734670846,2019
18,1,In,Assessed,0.0,820-06,"Shopping Center/General Retail [400,001-500,000]",COMMUNITY SHOPPING CENTER,Commercial/Retail,sq. ft.,11498211.126116,7338949.838082207,0.0,-4159261.2880337927,7338949.838082207,2019
19,1,In,Assessed,0.0,850-00,Supermarket (free standing),SUPERMARKETS,Commercial/Retail,sq. ft.,675807.099528,342462.90317484544,0.0,-333344.19635315455,342462.90317484544,2019
20,1,In,Assessed,0.0,911-00,Bank (Walk-in),"RESTAURANTS, CAFETERIAS",Commercial/Retail,sq. ft.,28303.343288,2121.81706927903,0.0,-26181.52621872097,2121.81706927903,2019
21,1,In,Assessed,0.0,932-00,High Turnover Rest.,DRIVE-IN RESTAURANTS,Commercial/Retail,sq. ft.,1113130.0880084,238291.94881453045,155816.0,-874838.1391938697,82475.94881453045,2019
22,1,In,Assessed,0.0,932-01,High turnover Rest/Seats,"RESTAURANTS, CAFETERIAS",Commercial/Retail,seats,353503.92,96702.96310438946,12426.66,-256800.95689561052,84276.30310438946,2019
23,1,In,Assessed,0.0,933-00,Fast Food Rest. w/o Drive-Thru,"RESTAURANTS, CAFETERIAS",Commercial/Retail,sq. ft.,108158.82549999999,47899.59966485551,104770.55,-60259.22583514448,-56870.950335144495,2019
24,1,In,Assessed,0.0,944-00,Service Stations w/ Gasoline,SERVICE STATIONS,Commercial/Retail,fuel station,46749.648,62418.16996170397,45285.14,15668.52196170397,17133.02996170397,2019
25,1,In,Assessed,1.0,710-00,"General Office Building [1-50,000]","OFFICE, ONE STORY",Office,sq. ft.,-337085.416272,-285995.31203733914,2083582.45464,51090.10423466086,-2369577.766677339,2019
26,1,In,Assessed,1.0,820-07,"Shopping Center/General Retail [500,001-600,000]",REGIONAL SHOPPING CENTER,Commercial/Retail,sq. ft.,-11775021.148043998,-7400619.244667091,0.0,4374401.903376906,-7400619.244667091,2019
27,1,In,Collected,0.0,140-00,Manufacturing,HEAVY INDUSTRIAL,Industrial/Manufacturing,sq. ft.,-94571.490288,-91950.28355198403,180820.84,2621.206736015971,-272771.123551984,2019
28,1,In,Collected,0.0,150-00,Warehousing,"WAREHOUSING, DISTRIBUTION TERMINALS",Industrial/Manufacturing,sq. ft.,-413532.04719199997,-137133.2707047351,891248.74,276398.7764872649,-1028382.0107047351,2019
29,1,In,Collected,0.0,210-00,Single Family Detached,SINGLE FAMILY RESIDENTIAL,Single-family,unit,-221694.528,-228912.0692178352,47105.00000000001,-7217.541217835213,-276017.0692178352,2019
30,1,In,Collected,0.0,220-00,Apartment (Rentals),MULTI-FAMILY 10 OR MORE,Multifamily,unit,933977.088,1065023.1016999283,681775.26,131046.0136999283,383247.8416999283,2019
31,1,In,Collected,0.0,222-00,High-Rise Apart or Condo over 3 floors,MULTI-FAMILY 10 OR MORE,Multifamily,unit,10665337.319999998,11829497.973159222,1755811.85,1164160.6531592235,10073686.123159222,2019
32,1,In,Collected,0.0,230-00,"Condominium,Townhouse",CONDOMINIUM,Single-family,unit,-11311.344,-11841.673072179681,0.0,-530.329072179682,-11841.673072179681,2019
33,1,In,Collected,0.0,231-00,Duplex,MULTI-FAMILY LESS THAN 10,Multifamily,unit,-24322.32,-20854.277492302783,1081579.71,3468.042507697217,-1102433.9874923027,2019
34,1,In,Collected,0.0,254-00,Assisted Living Facility,HOMES FOR THE AGED,Other,bed,20916.543999999998,21015.93855813459,0.0,99.39455813459062,21015.93855813459,2019
35,1,In,Collected,0.0,310-00,Hotel,"HOTELS, MOTELS",Commercial/Retail,room,8126767.615999999,7973770.411087925,100070.12,-152997.20491207484,7873700.2910879245,2019
36,1,In,Collected,0.0,320-00,Motel,"HOTELS, MOTELS",Commercial/Retail,room,70342.624,27078.228526827257,0.0,-43264.39547317274,27078.228526827257,2019
37,1,In,Collected,0.0,520-00,Elementary School (30 SF/St),PUBLIC COUNTY SCHOOLS,Other,student,50715.456,460410.80841988657,0.0,409695.35241988656,460410.80841988657,2019
38,1,In,Collected,0.0,560-00,Church/Synagogue,"CHURCHES, TEMPLES",Other,sq. ft.,-187447.77652436,-90764.72437129608,0.0,96683.05215306392,-90764.72437129608,2019
39,1,In,Collected,0.0,630-00,Clinic,PROFESSIONAL BUILDING,Office,sq. ft.,138629.49425599998,57551.49472759094,0.0,-81077.99952840904,57551.49472759094,2019
40,1,In,Collected,0.0,710-00,"General Office Building [1-50,000]","OFFICE, ONE STORY",Office,sq. ft.,1696776.6573120002,1439605.945972002,5602586.22,-257170.71133999806,-4162980.2740279976,2019
41,1,In,Collected,0.0,710-01,"General Office Building [50,001 -100,000]","OFFICE, ONE STORY",Office,sq. ft.,652918.3670239999,628675.5370735651,0.0,-24242.829950434854,628675.5370735651,2019
42,1,In,Collected,0.0,710-02,"General Office Building [100,001-150,000]",PROFESSIONAL BUILDING,Office,sq. ft.,-28420.051352,-31603.129442415597,11463.16,-3183.078090415598,-43066.2894424156,2019
43,1,In,Collected,0.0,720-00,Medical Office Building,PROFESSIONAL BUILDING,Office,sq. ft.,99789.64380000002,33589.33523109278,0.0,-66200.30856890723,33589.33523109278,2019
44,1,In,Collected,0.0,760-00,Research Center,PROFESSIONAL BUILDING,Office,sq. ft.,-7442.512704,-12402.693208894421,0.0,-4960.180504894422,-12402.693208894421,2019
45,1,In,Collected,0.0,820-00,"Shopping Center/General Retail [1-10,000]","STORES, ONE STORY",Commercial/Retail,sq. ft.,-355607.29474643996,-293553.48283429386,9493321.85,62053.811912146106,-9786875.332834294,2019
46,1,In,Collected,0.0,820-01,"Shopping Center/General Retail [10,001 -50,000]","STORES, ONE STORY",Commercial/Retail,sq. ft.,722221.2264960001,425857.37148633495,152876.96,-296363.85500966513,272980.411486335,2019
47,1,In,Collected,0.0,820-02,"Shopping Center/General Retail [50,001 -100,000]","STORES, ONE STORY",Commercial/Retail,sq. ft.,650303.5531959999,300199.7819893526,0.0,-350103.77120664733,300199.7819893526,2019
48,1,In,Collected,0.0,850-00,Supermarket (free standing),SUPERMARKETS,Commercial/Retail,sq. ft.,-202323.48998399999,-102526.7266484475,0.0,99796.76333555249,-102526.7266484475,2019
49,1,In,Collected,0.0,853-00,Convenience market with Gasoline,SERVICE STATIONS,Commercial/Retail,sq. ft.,376947.82817999995,384426.7100002838,180626.59999999998,7478.88182028383,203800.1100002838,2019
50,1,In,Collected,0.0,911-00,Bank (Walk-in),"RESTAURANTS, CAFETERIAS",Commercial/Retail,sq. ft.,40253.988236,3017.7212097029796,0.0,-37236.26702629702,3017.7212097029796,2019
51,1,In,Collected,0.0,912-00,Bank (Drive-in),"RESTAURANTS, CAFETERIAS",Commercial/Retail,sq. ft.,90757.03744799999,35617.97253342579,31510.219999999998,-55139.0649145742,4107.752533425792,2019
52,1,In,Collected,0.0,931-00,Quality Restaurant,"RESTAURANTS, CAFETERIAS",Commercial/Retail,sq. ft.,376601.020224,2579643.8402360436,0.0,2203042.8200120437,2579643.8402360436,2019
53,1,In,Collected,0.0,932-00,High Turnover Rest.,DRIVE-IN RESTAURANTS,Commercial/Retail,sq. ft.,4648864.18304,995199.8583855653,654751.81,-3653664.3246544343,340448.0483855653,2019
54,1,In,Collected,0.0,932-01,High turnover Rest/Seats,"RESTAURANTS, CAFETERIAS",Commercial/Retail,seats,105592.08,28885.300667544903,45616.29,-76706.7793324551,-16730.989332455098,2019
55,1,In,Collected,0.0,937-00,Coffee/Donut Shop,DRIVE-IN RESTAURANTS,Commercial/Retail,sq. ft.,53069.28351999999,69586.34394137819,0.0,16517.0604213782,69586.34394137819,2019
56,1,In,Letter of Credit submitted,0.0,150-00,Warehousing,"WAREHOUSING, DISTRIBUTION TERMINALS",Industrial/Manufacturing,sq. ft.,-56410.320472,-18706.486716943586,0.0,37703.83375505642,-18706.486716943586,2019
57,1,In,Letter of Credit submitted,0.0,820-00,"Shopping Center/General Retail [1-10,000]","STORES, ONE STORY",Commercial/Retail,sq. ft.,212003.41355599998,175008.61580046645,150718.5,-36994.79775553354,24290.115800466447,2019
58,2,In,Assessed,0.0,140-00,Manufacturing,HEAVY INDUSTRIAL,Industrial/Manufacturing,sq. ft.,-15698.509332,-18154.373305750763,0.0,-2455.8639737507638,-18154.373305750763,2019
59,2,In,Assessed,0.0,150-00,Warehousing,"WAREHOUSING, DISTRIBUTION TERMINALS",Industrial/Manufacturing,sq. ft.,-130792.927408,-51587.9094922548,65399.92,79205.01791574521,-116987.8294922548,2019
60,2,In,Assessed,0.0,210-00,Single Family Detached,SINGLE FAMILY RESIDENTIAL,Single-family,unit,-9791.508319999997,-11027.431399339803,84152.12000000001,-1235.9230793398056,-95179.5513993398,2019
61,2,In,Assessed,0.0,220-00,Apartment (Rentals),MULTI-FAMILY 10 OR MORE,Multifamily,unit,-1828908.7449599998,-2274709.2436656873,184846.48,-445800.49870568747,-2459555.7236656873,2019
62,2,In,Assessed,0.0,222-00,High-Rise Apart or Condo over 3 floors,MULTI-FAMILY 10 OR MORE,Multifamily,unit,1536359.88,1858641.911832082,0.0,322282.0318320822,1858641.911832082,2019
63,2,In,Assessed,0.0,231-00,Duplex,MULTI-FAMILY LESS THAN 10,Multifamily,unit,82939.1112,77564.06776871739,71535.87,-5375.043431282611,6028.197768717393,2019
64,2,In,Assessed,0.0,240-00,Mobile Home,MOBILE HOME,Single-family,unit,-140038.34592,-160236.30131356005,0.0,-20197.955393560056,-160236.30131356005,2019
65,2,In,Assessed,0.0,254-00,Assisted Living Facility,HOMES FOR THE AGED,Other,bed,-512455.328,-561598.4810824635,0.0,-49143.15308246354,-561598.4810824635,2019
66,2,In,Assessed,0.0,310-00,Hotel,"HOTELS, MOTELS",Commercial/Retail,room,1411853.696,1510937.9542843425,145093.46,99084.25828434248,1365844.4942843425,2019
67,2,In,Assessed,0.0,311-00,All Suites Hotel,"HOTELS, MOTELS",Commercial/Retail,room,12043.944,9830.17749461455,0.0,-2213.766505385449,9830.17749461455,2019
68,2,In,Assessed,0.0,320-00,Motel,"HOTELS, MOTELS",Commercial/Retail,room,-383103.51595999993,-160852.89148264492,0.0,222250.624477355,-160852.89148264492,2019
69,2,In,Assessed,0.0,480-00,Amusement Park,TOURIST ATTRACTIONS,Other,acre,162636.79299999998,55515.56500715357,0.0,-107121.2279928464,55515.56500715357,2019
70,2,In,Assessed,0.0,492-00,Health/Fitness,OUTDOOR RECREATIONAL,Other,sq. ft.,5801.16636,2808.3266836195153,0.0,-2992.839676380485,2808.3266836195153,2019
71,2,In,Assessed,0.0,520-00,Elementary School (30 SF/St),PUBLIC COUNTY SCHOOLS,Other,student,27470.872,296624.9151881167,0.0,269154.04318811675,296624.9151881167,2019
72,2,In,Assessed,0.0,530-00,High School (25 SF/St),PUBLIC COUNTY SCHOOLS,Other,student,-8673.983999999999,-17823.615727439283,0.0,-9149.631727439284,-17823.615727439283,2019
73,2,In,Assessed,0.0,560-00,Church/Synagogue,"CHURCHES, TEMPLES",Other,sq. ft.,26608.969728,15324.801765304934,0.0,-11284.167962695066,15324.801765304934,2019
74,2,In,Assessed,0.0,565-00,Day Care Center,PRIVATE SCHOOLS & COLLEGES,Other,sq. ft.,52748.68799200001,351106.74770685623,78728.67,298358.0597148562,272378.07770685625,2019
75,2,In,Assessed,0.0,630-00,Clinic,PROFESSIONAL BUILDING,Office,sq. ft.,280040.23115199996,145976.8067735399,0.0,-134063.42437846007,145976.8067735399,2019
76,2,In,Assessed,0.0,710-00,"General Office Building [1-50,000]","OFFICE, ONE STORY",Office,sq. ft.,-268944.3083448,-286512.6302811714,503040.6,-17568.321936371387,-789553.2302811714,2019
77,2,In,Assessed,0.0,710-03,"General Office Building [150,001-200,000]",PROFESSIONAL BUILDING,Office,sq. ft.,1881057.48402,2854435.07890675,0.0,973377.5948867498,2854435.07890675,2019
78,2,In,Assessed,0.0,720-00,Medical Office Building,PROFESSIONAL BUILDING,Office,sq. ft.,62807.344600000004,26545.372983853416,0.0,-36261.97161614659,26545.372983853416,2019
79,2,In,Assessed,0.0,820-00,"Shopping Center/General Retail [1-10,000]","STORES, ONE STORY",Commercial/Retail,sq. ft.,180426.71424139998,187016.4803896735,628666.51,6589.766148273513,-441650.0296103265,2019
80,2,In,Assessed,0.0,820-01,"Shopping Center/General Retail [10,001 -50,000]","STORES, ONE STORY",Commercial/Retail,sq. ft.,629122.184064,465791.3115326103,0.0,-163330.8725313897,465791.3115326103,2019
81,2,In,Assessed,0.0,820-03,"Shopping Center/General Retail [100,001-200,000]",COMMUNITY SHOPPING CENTER,Commercial/Retail,sq. ft.,119899.07424,166339.66238713133,116142.91,46440.58814713133,50196.75238713133,2019
82,2,In,Assessed,0.0,853-00,Convenience market with Gasoline,SERVICE STATIONS,Commercial/Retail,sq. ft.,8091.2739599999995,10361.238689717087,7837.81,2269.9647297170877,2523.428689717087,2019
83,2,In,Assessed,0.0,880-00,Pharmacy/Drugstore w/o Drive-Thru,"STORES, ONE STORY",Commercial/Retail,sq. ft.,134122.947684,134822.47842914017,0.0,699.5307451401604,134822.47842914017,2019
84,2,In,Assessed,0.0,890-00,Furniture Store (free standing),"WHOLESALE, PRODUCE, MFG",Commercial/Retail,sq. ft.,2196.9046,4442.571731674411,0.0,2245.6671316744114,4442.571731674411,2019
85,2,In,Assessed,0.0,932-00,High Turnover Rest.,DRIVE-IN RESTAURANTS,Commercial/Retail,sq. ft.,303374.93309199996,81546.55220472808,509692.31,-221828.3808872719,-428145.75779527193,2019
86,2,In,Assessed,0.0,932-01,High turnover Rest/Seats,"RESTAURANTS, CAFETERIAS",Commercial/Retail,seats,471338.55999999994,161897.81269952035,168991.32,-309440.74730047956,-7093.507300479658,2019
87,2,In,Assessed,0.0,933-00,Fast Food Rest. w/o Drive-Thru,"RESTAURANTS, CAFETERIAS",Commercial/Retail,sq. ft.,-112783.76780219999,-62716.09123918682,0.0,50067.67656301317,-62716.09123918682,2019
88,2,In,Assessed,0.0,934-00,Fast Food Rest. w/ Drive-Thru,DRIVE-IN RESTAURANTS,Commercial/Retail,sq. ft.,46931.38163999999,51231.607163055094,42578.39,4300.225523055102,8653.217163055095,2019
89,2,In,Assessed,1.0,210-00,Single Family Detached,SINGLE FAMILY RESIDENTIAL,Single-family,unit,-29559.270399999998,-33290.358941403174,11922.713049999998,-3731.0885414031764,-45213.07199140317,2019
90,2,In,Assessed,1.0,220-00,Apartment (Rentals),MULTI-FAMILY 10 OR MORE,Multifamily,unit,116747.136,145204.50523435127,77091.67856,28457.369234351267,68112.82667435126,2019
91,2,In,Assessed,1.0,222-00,High-Rise Apart or Condo over 3 floors,MULTI-FAMILY 10 OR MORE,Multifamily,unit,908033.2799999999,1098511.314644819,0.0,190478.03464481898,1098511.314644819,2019
92,2,In,Assessed,1.0,231-00,Duplex,MULTI-FAMILY LESS THAN 10,Multifamily,unit,36483.479999999996,34119.09139386395,10135.645919999999,-2364.3886061360463,23983.44547386395,2019
93,2,In,Assessed,1.0,710-00,"General Office Building [1-50,000]","OFFICE, ONE STORY",Office,sq. ft.,4756.586208,5067.301977872747,3410.77911,310.71576987274693,1656.5228678727467,2019
94,2,In,Assessed,1.0,820-00,"Shopping Center/General Retail [1-10,000]","STORES, ONE STORY",Commercial/Retail,sq. ft.,86741.075652,89909.13979593608,668860.7197100001,3168.064143936077,-578951.579914064,2019
95,2,In,Bond submitted,0.0,820-02,"Shopping Center/General Retail [50,001 -100,000]","STORES, ONE STORY",Commercial/Retail,sq. ft.,-124552.67153999998,-72195.43804443553,0.0,52357.23349556445,-72195.43804443553,2019
96,2,In,Bond submitted,0.0,932-00,High Turnover Rest.,DRIVE-IN RESTAURANTS,Commercial/Retail,sq. ft.,482667.0387,129739.89797935939,346895.74,-352927.1407206406,-217155.84202064062,2019
97,2,In,Collected,0.0,130-00,Industrial Park,LIGHT MANUFACTURING,Industrial/Manufacturing,sq. ft.,-61320.534528,-33376.34476928996,0.0,27944.18975871004,-33376.34476928996,2019
98,2,In,Collected,0.0,140-00,Manufacturing,HEAVY INDUSTRIAL,Industrial/Manufacturing,sq. ft.,-57259.091296,-66216.66405081627,0.0,-8957.572754816269,-66216.66405081627,2019
99,2,In,Collected,0.0,150-00,Warehousing,"WAREHOUSING, DISTRIBUTION TERMINALS",Industrial/Manufacturing,sq. ft.,-537018.891552,-211813.30307407025,587799.26,325205.5884779297,-799612.5630740703,2019
100,2,In,Collected,0.0,210-00,Single Family Detached,SINGLE FAMILY RESIDENTIAL,Single-family,unit,-191488.64855999997,-215659.10651727745,177593.53000000003,-24170.457957277482,-393252.63651727745,2019
101,2,In,Collected,0.0,220-00,Apartment (Rentals),MULTI-FAMILY 10 OR MORE,Multifamily,unit,2944622.2079999996,3662380.298688638,1079158.41,717758.0906886384,2583221.888688638,2019
102,2,In,Collected,0.0,222-00,High-Rise Apart or Condo over 3 floors,MULTI-FAMILY 10 OR MORE,Multifamily,unit,5067474.2976,6130477.786657122,70350.71,1063003.4890571218,6060127.076657122,2019
103,2,In,Collected,0.0,231-00,Duplex,MULTI-FAMILY LESS THAN 10,Multifamily,unit,279706.68,261579.7006862903,425046.62,-18126.979313709686,-163466.9193137097,2019
104,2,In,Collected,0.0,240-00,Mobile Home,MOBILE HOME,Single-family,unit,-101128.10399999999,-115713.97275050762,0.0,-14585.868750507623,-115713.97275050762,2019
105,2,In,Collected,0.0,254-00,Assisted Living Facility,HOMES FOR THE AGED,Other,bed,169946.91999999998,186244.39423653125,0.0,16297.47423653127,186244.39423653125,2019
106,2,In,Collected,0.0,30-00,Truck Terminals,SERVICE STATIONS,Commercial/Retail,sq. ft.,980899.696348,1086855.826092192,0.0,105956.129744192,1086855.826092192,2019
107,2,In,Collected,0.0,310-00,Hotel,"HOTELS, MOTELS",Commercial/Retail,room,4554089.056,4873696.206197666,25287.21,319607.15019766614,4848408.996197666,2019
108,2,In,Collected,0.0,311-00,All Suites Hotel,"HOTELS, MOTELS",Commercial/Retail,room,6021.972,4915.088747307275,5833.32,-1106.8832526927245,-918.2312526927244,2019
109,2,In,Collected,0.0,320-00,Motel,"HOTELS, MOTELS",Commercial/Retail,room,-3859523.92232,-1620490.4334953444,0.0,2239033.4888246553,-1620490.4334953444,2019
110,2,In,Collected,0.0,492-00,Health/Fitness,OUTDOOR RECREATIONAL,Other,sq. ft.,433124.314128,209674.1401999827,72399.65000000001,-223450.1739280173,137274.4901999827,2019
111,2,In,Collected,0.0,540-00,Jr./Community College (25 SF/St),COLLEGES,Other,student,166212.288,93495.93980211926,1349.91,-72716.34819788074,92146.02980211926,2019
112,2,In,Collected,0.0,565-00,Day Care Center,PRIVATE SCHOOLS & COLLEGES,Other,sq. ft.,36613.148572,243705.08552501796,0.0,207091.93695301795,243705.08552501796,2019
113,2,In,Collected,0.0,630-00,Clinic,PROFESSIONAL BUILDING,Office,sq. ft.,73950.15152799999,38548.05767039075,0.0,-35402.09385760924,38548.05767039075,2019
114,2,In,Collected,0.0,710-00,"General Office Building [1-50,000]","OFFICE, ONE STORY",Office,sq. ft.,414510.8987976,441588.10656983015,2707580.76,27077.207772230147,-2265992.6534301694,2019
115,2,In,Collected,0.0,710-01,"General Office Building [50,001 -100,000]","OFFICE, ONE STORY",Office,sq. ft.,-19121.95076,-23118.64277056071,0.0,-3996.6920105607096,-23118.64277056071,2019
116,2,In,Collected,0.0,710-02,"General Office Building [100,001-150,000]",PROFESSIONAL BUILDING,Office,sq. ft.,1459578.109,2037957.091491732,29088.05,578378.9824917321,2008869.041491732,2019
117,2,In,Collected,0.0,710-03,"General Office Building [150,001-200,000]",PROFESSIONAL BUILDING,Office,sq. ft.,-1592566.5344160001,-2416660.74532449,0.0,-824094.21090849,-2416660.74532449,2019
118,2,In,Collected,0.0,720-00,Medical Office Building,PROFESSIONAL BUILDING,Office,sq. ft.,234267.57200000001,99012.62529671943,74349.88,-135254.94670328058,24662.745296719426,2019
119,2,In,Collected,0.0,820-00,"Shopping Center/General Retail [1-10,000]","STORES, ONE STORY",Commercial/Retail,sq. ft.,579311.018572,600469.327393165,2370967.84,21158.308821165003,-1770498.512606835,2019
120,2,In,Collected,0.0,820-01,"Shopping Center/General Retail [10,001 -50,000]","STORES, ONE STORY",Commercial/Retail,sq. ft.,2388051.08125056,1768072.2017416728,2071996.05,-619978.8795088872,-303923.8482583272,2019
121,2,In,Collected,0.0,853-00,Convenience market with Gasoline,SERVICE STATIONS,Commercial/Retail,sq. ft.,94984.5204,121631.93244450493,1438.77,26647.412044504934,120193.16244450492,2019
122,2,In,Collected,0.0,880-00,Pharmacy/Drugstore w/o Drive-Thru,"STORES, ONE STORY",Commercial/Retail,sq. ft.,70408.34961599999,70775.57093137856,68202.58,367.2213153785706,2572.990931378561,2019
123,2,In,Collected,0.0,931-00,Quality Restaurant,"RESTAURANTS, CAFETERIAS",Commercial/Retail,sq. ft.,99057.001472,851973.128755301,0.0,752916.127283301,851973.128755301,2019
124,2,In,Collected,0.0,932-00,High Turnover Rest.,DRIVE-IN RESTAURANTS,Commercial/Retail,sq. ft.,653495.52884,175658.2414867707,1424341.36,-477837.28735322936,-1248683.1185132293,2019
125,2,In,Collected,0.0,932-01,High turnover Rest/Seats,"RESTAURANTS, CAFETERIAS",Commercial/Retail,seats,376458.72,129307.99326000652,237369.32,-247150.72673999344,-108061.32673999348,2019
126,2,In,Collected,0.0,934-00,Fast Food Rest. w/ Drive-Thru,DRIVE-IN RESTAURANTS,Commercial/Retail,sq. ft.,-45014.812128,-49139.426346972214,0.0,-4124.614218972216,-49139.426346972214,2019
127,2,In,Collected,0.0,937-00,Coffee/Donut Shop,DRIVE-IN RESTAURANTS,Commercial/Retail,sq. ft.,51990.87027199999,85599.32601450062,6757.52,33608.45574250063,78841.80601450062,2019
128,2,In,Collected,0.0,944-00,Service Stations w/ Gasoline,SERVICE STATIONS,Commercial/Retail,fuel station,-93499.29599999999,-156748.53487061485,0.0,-63249.23887061486,-156748.53487061485,2019
129,2,In,Collected,1.0,210-00,Single Family Detached,SINGLE FAMILY RESIDENTIAL,Single-family,unit,73898.17599999999,83225.89735350794,53938.78283,9327.72135350795,29287.114523507946,2019
130,2,In,Collected,1.0,222-00,High-Rise Apart or Condo over 3 floors,MULTI-FAMILY 10 OR MORE,Multifamily,unit,806690.28,975909.605421067,4761.97,169219.32542106695,971147.635421067,2019
131,2,In,Collected,1.0,231-00,Duplex,MULTI-FAMILY LESS THAN 10,Multifamily,unit,16214.88,15164.04061949509,18400.21396,-1050.839380504909,-3236.173340504911,2019
132,2,In,Collected,1.0,710-00,"General Office Building [1-50,000]","OFFICE, ONE STORY",Office,sq. ft.,-10070.114472000001,-10727.927288597682,9453.040879999999,-657.8128165976814,-20180.968168597683,2019
133,2,In,Collected,1.0,720-00,Medical Office Building,PROFESSIONAL BUILDING,Office,sq. ft.,23252.968200000003,9827.811027226306,0.0,-13425.157172773697,9827.811027226306,2019
134,2,In,Collected,1.0,820-00,"Shopping Center/General Retail [1-10,000]","STORES, ONE STORY",Commercial/Retail,sq. ft.,100279.01571599998,103941.52914105388,131788.90075,3662.5134250538977,-27847.371608946123,2019
135,2,In,Letter of Credit submitted,0.0,150-00,Warehousing,"WAREHOUSING, DISTRIBUTION TERMINALS",Industrial/Manufacturing,sq. ft.,-40936.33676,-16146.286175946338,0.0,24790.05058405366,-16146.286175946338,2019
136,2,In,Letter of Credit submitted,0.0,630-00,Clinic,PROFESSIONAL BUILDING,Office,sq. ft.,190669.63431999998,99390.52061275009,0.0,-91279.1137072499,99390.52061275009,2019
137,2,In,Letter of Credit submitted,0.0,710-00,"General Office Building [1-50,000]","OFFICE, ONE STORY",Office,sq. ft.,34394.93508,36641.72474506085,172705.0,2246.7896650608454,-136063.27525493916,2019
138,2,Out,Assessed,0.0,140-00,Manufacturing,HEAVY INDUSTRIAL,Industrial/Manufacturing,sq. ft.,-26108.235999999997,-26327.299274495253,722.5799999999999,-219.06327449525634,-27049.87927449525,2019
139,2,Out,Assessed,0.0,150-00,Warehousing,"WAREHOUSING, DISTRIBUTION TERMINALS",Industrial/Manufacturing,sq. ft.,-294435.1468344,-101264.97366436821,58830.17999999999,193170.1731700318,-160095.1536643682,2019
140,2,Out,Assessed,0.0,151-00,Mini-Warehouse,"WAREHOUSING, DISTRIBUTION TERMINALS",Industrial/Manufacturing,sq. ft.,159176.67110399998,98392.7830255459,0.0,-60783.88807845408,98392.7830255459,2019
141,2,Out,Assessed,0.0,210-00,Single Family Detached,SINGLE FAMILY RESIDENTIAL,Single-family,unit,-3048.29976,-2987.5640584976463,109330.00000000001,60.73570150235355,-112317.56405849766,2019
142,2,Out,Assessed,0.0,220-00,Apartment (Rentals),MULTI-FAMILY 10 OR MORE,Multifamily,unit,764434.3027199999,827387.2224963985,629229.3200000001,62952.91977639857,198157.90249639843,2019
143,2,Out,Assessed,0.0,222-00,High-Rise Apart or Condo over 3 floors,MULTI-FAMILY 10 OR MORE,Multifamily,unit,149987.63999999998,157903.96193876403,145289.00999999998,7916.321938764042,12614.951938764047,2019
144,2,Out,Assessed,0.0,231-00,Duplex,MULTI-FAMILY LESS THAN 10,Multifamily,unit,118855.0704,96728.33236752683,189725.79,-22126.738032473164,-92997.45763247318,2019
145,2,Out,Assessed,0.0,311-00,All Suites Hotel,"HOTELS, MOTELS",Commercial/Retail,room,240878.88,171090.59708396904,0.0,-69788.28291603096,171090.59708396904,2019
146,2,Out,Assessed,0.0,492-00,Health/Fitness,OUTDOOR RECREATIONAL,Other,sq. ft.,25629.512832,10818.78754098431,0.0,-14810.72529101569,10818.78754098431,2019
147,2,Out,Assessed,0.0,520-00,Elementary School (30 SF/St),PUBLIC COUNTY SCHOOLS,Other,student,42454.984,399732.81112191646,0.0,357277.82712191646,399732.81112191646,2019
148,2,Out,Assessed,0.0,530-00,High School (25 SF/St),PUBLIC COUNTY SCHOOLS,Other,student,171311.18399999995,306950.8531189243,0.0,135639.66911892436,306950.8531189243,2019
149,2,Out,Assessed,0.0,560-00,Church/Synagogue,"CHURCHES, TEMPLES",Other,sq. ft.,-5191.289884000002,-2607.041960348087,14526.58,2584.247923651915,-17133.621960348086,2019
150,2,Out,Assessed,0.0,610-00,Hospital,HOSPITALS,Other,sq. ft.,2125003.34508,1262714.1577801786,1128170.62,-862289.1872998213,134543.53778017848,2019
151,2,Out,Assessed,0.0,710-00,"General Office Building [1-50,000]","OFFICE, ONE STORY",Office,sq. ft.,-132434.79992160003,-123023.89365009095,202092.67,9410.906271509084,-325116.56365009095,2019
152,2,Out,Assessed,0.0,710-01,"General Office Building [50,001 -100,000]","OFFICE, ONE STORY",Office,sq. ft.,-116600.77899535999,-122924.23810289073,0.0,-6323.45910753074,-122924.23810289073,2019
153,2,Out,Assessed,0.0,720-00,Medical Office Building,PROFESSIONAL BUILDING,Office,sq. ft.,122556.00280000002,45166.75832267191,48793.16,-77389.24447732812,-3626.4016773280964,2019
154,2,Out,Assessed,0.0,820-00,"Shopping Center/General Retail [1-10,000]","STORES, ONE STORY",Commercial/Retail,sq. ft.,-409237.55317148,-369879.66278397915,205352.89,39357.89038750087,-575232.5527839791,2019
155,2,Out,Assessed,0.0,820-01,"Shopping Center/General Retail [10,001 -50,000]","STORES, ONE STORY",Commercial/Retail,sq. ft.,-25611.006769919994,-16534.42015398797,23549.929999999997,9076.586615932025,-40084.350153987965,2019
156,2,Out,Assessed,0.0,820-04,"Shopping Center/General Retail [200,001-300,000]",COMMUNITY SHOPPING CENTER,Commercial/Retail,sq. ft.,10521.435144000003,11652.987802609146,10191.84,1131.5526586091437,1461.1478026091463,2019
157,2,Out,Assessed,0.0,853-00,Convenience market with Gasoline,SERVICE STATIONS,Commercial/Retail,sq. ft.,223741.31471999997,249831.3258041797,179940.22,26090.011084179743,69891.10580417971,2019
158,2,Out,Assessed,0.0,912-00,Bank (Drive-in),"RESTAURANTS, CAFETERIAS",Commercial/Retail,sq. ft.,-57694.324397599994,-24790.790395127944,0.0,32903.53400247205,-24790.790395127944,2019
159,2,Out,Assessed,0.0,931-00,Quality Restaurant,"RESTAURANTS, CAFETERIAS",Commercial/Retail,sq. ft.,115917.76768,869354.0133549251,0.0,753436.245674925,869354.0133549251,2019
160,2,Out,Assessed,0.0,932-00,High Turnover Rest.,DRIVE-IN RESTAURANTS,Commercial/Retail,sq. ft.,330237.6253176,77403.10763030357,0.0,-252834.5176872964,77403.10763030357,2019
161,2,Out,Assessed,0.0,932-01,High turnover Rest/Seats,"RESTAURANTS, CAFETERIAS",Commercial/Retail,seats,601415.76,180131.12013958843,155940.31000000003,-421284.6398604116,24190.8101395884,2019
162,2,Out,Assessed,0.0,937-00,Coffee/Donut Shop,DRIVE-IN RESTAURANTS,Commercial/Retail,sq. ft.,51025.97420799999,73255.54398835087,0.0,22229.569780350874,73255.54398835087,2019
163,2,Out,Assessed,0.0,944-00,Service Stations w/ Gasoline,SERVICE STATIONS,Commercial/Retail,fuel station,46749.647999999994,68340.70096242729,45285.13,21591.052962427297,23055.570962427293,2019
164,2,Out,Assessed,1.0,220-00,Apartment (Rentals),MULTI-FAMILY 10 OR MORE,Multifamily,unit,622651.392,673928.1635809796,446482.15752,51276.77158097958,227446.00606097956,2019
165,2,Out,Assessed,1.0,231-00,Duplex,MULTI-FAMILY LESS THAN 10,Multifamily,unit,8107.44,6598.112712655309,8110.98109,-1509.3272873446904,-1512.868377344691,2019
166,2,Out,Bond submitted,0.0,220-00,Apartment (Rentals),MULTI-FAMILY 10 OR MORE,Multifamily,unit,752370.4319999999,814329.864327017,14290.26,61959.43232701707,800039.604327017,2019
167,2,Out,Collected,0.0,140-00,Manufacturing,HEAVY INDUSTRIAL,Industrial/Manufacturing,sq. ft.,-13747.851128,-13863.2035893985,0.0,-115.35246139849914,-13863.2035893985,2019
168,2,Out,Collected,0.0,150-00,Warehousing,"WAREHOUSING, DISTRIBUTION TERMINALS",Industrial/Manufacturing,sq. ft.,718208.7828079999,247013.2871653243,1155823.28,-471195.49564267555,-908809.9928346757,2019
169,2,Out,Collected,0.0,210-00,Single Family Detached,SINGLE FAMILY RESIDENTIAL,Single-family,unit,147981.09743999998,145032.6552034312,356224.17000000004,-2948.4422365687788,-211191.51479656884,2019
170,2,Out,Collected,0.0,220-00,Apartment (Rentals),MULTI-FAMILY 10 OR MORE,Multifamily,unit,1489304.29824,1611951.9262652555,1153389.05,122647.62802525563,458562.8762652555,2019
171,2,Out,Collected,0.0,222-00,High-Rise Apart or Condo over 3 floors,MULTI-FAMILY 10 OR MORE,Multifamily,unit,3133525.5599999996,3298912.50212607,0.0,165386.94212607061,3298912.50212607,2019
172,2,Out,Collected,0.0,230-00,"Condominium,Townhouse",CONDOMINIUM,Single-family,unit,-22622.688,-22479.616567534948,0.0,143.07143246505075,-22479.616567534948,2019
173,2,Out,Collected,0.0,231-00,Duplex,MULTI-FAMILY LESS THAN 10,Multifamily,unit,274355.7696,223280.13419625565,207070.94,-51075.63540374435,16209.194196255645,2019
174,2,Out,Collected,0.0,240-00,Mobile Home,MOBILE HOME,Single-family,unit,-28893.744,-28770.840316810936,0.0,122.90368318906258,-28770.840316810936,2019
175,2,Out,Collected,0.0,310-00,Hotel,"HOTELS, MOTELS",Commercial/Retail,room,232439.32799999998,216471.80254368548,100070.11,-15967.525456314499,116401.69254368548,2019
176,2,Out,Collected,0.0,311-00,All Suites Hotel,"HOTELS, MOTELS",Commercial/Retail,room,108395.496,76990.76868778607,0.0,-31404.72731221393,76990.76868778607,2019
177,2,Out,Collected,0.0,320-00,Motel,"HOTELS, MOTELS",Commercial/Retail,room,35171.312,12850.975341508885,0.0,-22320.336658491113,12850.975341508885,2019
178,2,Out,Collected,0.0,520-00,Elementary School (30 SF/St),PUBLIC COUNTY SCHOOLS,Other,student,97204.62399999998,915225.3503515372,20712.32,818020.7263515373,894513.0303515373,2019
179,2,Out,Collected,0.0,530-00,High School (25 SF/St),PUBLIC COUNTY SCHOOLS,Other,student,58549.39199999999,104907.25359760704,0.0,46357.86159760704,104907.25359760704,2019
180,2,Out,Collected,0.0,560-00,Church/Synagogue,"CHURCHES, TEMPLES",Other,sq. ft.,385033.177848,193361.89525260258,0.0,-191671.28259539744,193361.89525260258,2019
181,2,Out,Collected,0.0,565-00,Day Care Center,PRIVATE SCHOOLS & COLLEGES,Other,sq. ft.,116945.364536,678760.3430271938,203533.98000000004,561814.9784911938,475226.36302719376,2019
182,2,Out,Collected,0.0,630-00,Clinic,PROFESSIONAL BUILDING,Office,sq. ft.,88319.905168,40144.67629726996,0.0,-48175.22887073004,40144.67629726996,2019
183,2,Out,Collected,0.0,710-00,"General Office Building [1-50,000]","OFFICE, ONE STORY",Office,sq. ft.,-334797.438096,-311006.5061677756,1225490.01,23790.931928224396,-1536496.5161677757,2019
184,2,Out,Collected,0.0,710-01,"General Office Building [50,001 -100,000]","OFFICE, ONE STORY",Office,sq. ft.,1045803.87076,1102519.598289671,60981.72,56715.72752967093,1041537.8782896709,2019
185,2,Out,Collected,0.0,710-02,"General Office Building [100,001-150,000]",PROFESSIONAL BUILDING,Office,sq. ft.,1123232.2182399998,1367549.8973690914,0.0,244317.67912909156,1367549.8973690914,2019
186,2,Out,Collected,0.0,710-03,"General Office Building [150,001-200,000]",PROFESSIONAL BUILDING,Office,sq. ft.,-1644481.149168,-2175970.164634671,0.0,-531489.015466671,-2175970.164634671,2019
187,2,Out,Collected,0.0,710-04,"General Office Building [200,001-300,000]","OFFICE, MULTI-STORY",Office,sq. ft.,2387088.567732,3338715.1042574467,0.0,951626.5365254469,3338715.1042574467,2019
188,2,Out,Collected,0.0,720-00,Medical Office Building,PROFESSIONAL BUILDING,Office,sq. ft.,44281.4372,16319.469683234265,1482258.9699999997,-27961.967516765733,-1465939.5003167654,2019
189,2,Out,Collected,0.0,820-00,"Shopping Center/General Retail [1-10,000]","STORES, ONE STORY",Commercial/Retail,sq. ft.,-115618.37522399999,-104498.92808728924,2423776.67,11119.447136710747,-2528275.5980872894,2019
190,2,Out,Collected,0.0,820-01,"Shopping Center/General Retail [10,001 -50,000]","STORES, ONE STORY",Commercial/Retail,sq. ft.,328477.678848,212064.60183589734,29533.690000000002,-116413.07701210267,182530.91183589734,2019
191,2,Out,Collected,0.0,820-02,"Shopping Center/General Retail [50,001 -100,000]","STORES, ONE STORY",Commercial/Retail,sq. ft.,-1388007.7174039998,-701543.3688654547,5571.4,686464.3485385451,-707114.7688654547,2019
192,2,Out,Collected,0.0,820-03,"Shopping Center/General Retail [100,001-200,000]",COMMUNITY SHOPPING CENTER,Commercial/Retail,sq. ft.,-384539.05705600005,-465185.7229850813,0.0,-80646.66592908127,-465185.7229850813,2019
193,2,Out,Collected,0.0,820-04,"Shopping Center/General Retail [200,001-300,000]",COMMUNITY SHOPPING CENTER,Commercial/Retail,sq. ft.,1751882.5525520002,1940292.9103387566,471825.51,188410.35778675647,1468467.4003387566,2019
194,2,Out,Collected,0.0,853-00,Convenience market with Gasoline,SERVICE STATIONS,Commercial/Retail,sq. ft.,177832.12986,198568.7660283221,172261.36000000002,20736.63616832212,26307.40602832209,2019
195,2,Out,Collected,0.0,911-00,Bank (Walk-in),"RESTAURANTS, CAFETERIAS",Commercial/Retail,sq. ft.,104331.765428,8563.575948649757,6741.5599999999995,-95768.18947935024,1822.0159486497578,2019
196,2,Out,Collected,0.0,912-00,Bank (Drive-in),"RESTAURANTS, CAFETERIAS",Commercial/Retail,sq. ft.,-35965.86391199999,-15454.244467401697,10001.7,20511.6194445983,-25455.9444674017,2019
197,2,Out,Collected,0.0,932-00,High Turnover Rest.,DRIVE-IN RESTAURANTS,Commercial/Retail,sq. ft.,1103683.5686799998,258688.08248053576,57096.67,-844995.4861994641,201591.41248053574,2019
198,2,Out,Collected,0.0,932-01,High turnover Rest/Seats,"RESTAURANTS, CAFETERIAS",Commercial/Retail,seats,414716.72000000003,124212.5535822607,135984.41,-290504.16641773935,-11771.856417739298,2019
199,2,Out,Collected,0.0,934-00,Fast Food Rest. w/ Drive-Thru,DRIVE-IN RESTAURANTS,Commercial/Retail,sq. ft.,91749.622536,87334.30348785293,0.0,-4415.3190481470665,87334.30348785293,2019
200,2,Out,Collected,0.0,937-00,Coffee/Donut Shop,DRIVE-IN RESTAURANTS,Commercial/Retail,sq. ft.,42568.943999999996,61114.19131397458,0.0,18545.247313974585,61114.19131397458,2019
201,2,Out,Collected,0.0,944-00,Service Stations w/ Gasoline,SERVICE STATIONS,Commercial/Retail,fuel station,-186998.59199999998,-273362.80384970916,250377.38,-86364.21184970919,-523740.18384970917,2019
202,2,Out,Collected,1.0,210-00,Single Family Detached,SINGLE FAMILY RESIDENTIAL,Single-family,unit,18474.543999999998,18106.44883937968,13247.46054,-368.0951606203198,4858.988299379678,2019
203,2,Out,Collected,1.0,231-00,Duplex,MULTI-FAMILY LESS THAN 10,Multifamily,unit,8107.44,6598.112712655309,8110.98109,-1509.3272873446904,-1512.868377344691,2019
204,2,Out,Letter of Credit submitted,0.0,310-00,Hotel,"HOTELS, MOTELS",Commercial/Retail,room,172177.28,160349.48336569295,178450.17,-11827.796634307044,-18100.686634307058,2019
205,2,Out,Letter of Credit submitted,0.0,311-00,All Suites Hotel,"HOTELS, MOTELS",Commercial/Retail,room,12043.944,8554.529854198452,0.0,-3489.4141458015474,8554.529854198452,2019
206,3,In,Assessed,0.0,140-00,Manufacturing,HEAVY INDUSTRIAL,Industrial/Manufacturing,sq. ft.,-82039.53700799998,-94373.01262276206,351322.38,-12333.47561476208,-445695.39262276207,2019
207,3,In,Assessed,0.0,150-00,Warehousing,"WAREHOUSING, DISTRIBUTION TERMINALS",Industrial/Manufacturing,sq. ft.,1156286.9751241598,430013.61784998246,854482.36,-726273.3572741774,-424468.7421500175,2019
208,3,In,Assessed,0.0,210-00,Single Family Detached,SINGLE FAMILY RESIDENTIAL,Single-family,unit,13027.532759999995,11979.488482515493,1112588.92,-1048.0442774845014,-1100609.4315174844,2019
209,3,In,Assessed,0.0,220-00,Apartment (Rentals),MULTI-FAMILY 10 OR MORE,Multifamily,unit,-7352.568959999997,-11750.415256426546,30409.289999999997,-4397.846296426549,-42159.70525642655,2019
210,3,In,Assessed,0.0,231-00,Duplex,MULTI-FAMILY LESS THAN 10,Multifamily,unit,-3819.2879999999996,-3731.1169400852264,185155.94999999998,88.1710599147732,-188887.0669400852,2019
211,3,In,Assessed,0.0,310-00,Hotel,"HOTELS, MOTELS",Commercial/Retail,room,1092648.4799999997,1088097.8239225287,0.0,-4550.656077471096,1088097.8239225287,2019
212,3,In,Assessed,0.0,311-00,All Suites Hotel,"HOTELS, MOTELS",Commercial/Retail,room,917531.0319999999,706265.7286935743,678788.11,-211265.30330642557,27477.61869357433,2019
213,3,In,Assessed,0.0,490-00,Tennis Courts,OUTDOOR RECREATIONAL,Other,court,65556.30399999999,29161.824444674177,0.0,-36394.479555325815,29161.824444674177,2019
214,3,In,Assessed,0.0,540-00,Jr./Community College (25 SF/St),COLLEGES,Other,student,48840.0,25834.021869031698,0.0,-23005.978130968302,25834.021869031698,2019
215,3,In,Assessed,0.0,565-00,Day Care Center,PRIVATE SCHOOLS & COLLEGES,Other,sq. ft.,229069.696856,1516690.3631982666,0.0,1287620.6663422666,1516690.3631982666,2019
216,3,In,Assessed,0.0,630-00,Clinic,PROFESSIONAL BUILDING,Office,sq. ft.,103982.723856,53567.077176852195,88726.15,-50415.6466791478,-35159.0728231478,2019
217,3,In,Assessed,0.0,710-00,"General Office Building [1-50,000]","OFFICE, ONE STORY",Office,sq. ft.,396460.06862703996,400071.268196989,655177.22,3611.1995699490653,-255105.95180301095,2019
218,3,In,Assessed,0.0,820-00,"Shopping Center/General Retail [1-10,000]","STORES, ONE STORY",Commercial/Retail,sq. ft.,201008.477868,203390.09881441097,46140.130000000005,2381.620946410985,157249.96881441097,2019
219,3,In,Assessed,0.0,820-01,"Shopping Center/General Retail [10,001 -50,000]","STORES, ONE STORY",Commercial/Retail,sq. ft.,200257.440768,147484.6485932443,0.0,-52772.79217475571,147484.6485932443,2019
220,3,In,Assessed,0.0,820-02,"Shopping Center/General Retail [50,001 -100,000]","STORES, ONE STORY",Commercial/Retail,sq. ft.,0.0,0.0,0.0,0.0,0.0,2019
221,3,In,Assessed,0.0,820-04,"Shopping Center/General Retail [200,001-300,000]",COMMUNITY SHOPPING CENTER,Commercial/Retail,sq. ft.,972458.1239999998,1161729.6741991958,0.0,189271.55019919598,1161729.6741991958,2019
222,3,In,Assessed,0.0,820-05,"Shopping Center/General Retail [300,001-400,000]",COMMUNITY SHOPPING CENTER,Commercial/Retail,sq. ft.,-972459.1764043198,-757711.2912767029,0.0,214747.88512761693,-757711.2912767029,2019
223,3,In,Assessed,0.0,932-00,High Turnover Rest.,DRIVE-IN RESTAURANTS,Commercial/Retail,sq. ft.,0.0,0.0,0.0,0.0,0.0,2019
224,3,In,Assessed,0.0,932-01,High turnover Rest/Seats,"RESTAURANTS, CAFETERIAS",Commercial/Retail,seats,22678.039999999997,7320.151555461556,0.0,-15357.888444538441,7320.151555461556,2019
225,3,In,Assessed,1.0,140-00,Manufacturing,HEAVY INDUSTRIAL,Industrial/Manufacturing,sq. ft.,42631.01964,49039.986101026116,30569.379549999998,6408.966461026117,18470.606551026118,2019
226,3,In,Assessed,1.0,210-00,Single Family Detached,SINGLE FAMILY RESIDENTIAL,Single-family,unit,54265.30999999999,56313.83474686771,357383.96167000005,2048.524746867719,-301070.12692313234,2019
227,3,In,Assessed,1.0,231-00,Duplex,MULTI-FAMILY LESS THAN 10,Multifamily,unit,8576.304,7462.233880170453,5075.198560000001,-1114.0701198295474,2387.035320170452,2019
228,3,In,Assessed,1.0,254-00,Assisted Living Facility,HOMES FOR THE AGED,Other,bed,439247.42399999994,473765.08122942643,0.0,34517.65722942649,473765.08122942643,2019
229,3,In,Assessed,1.0,710-00,"General Office Building [1-50,000]","OFFICE, ONE STORY",Office,sq. ft.,-148327.216752,-157182.44272024906,22931.334819999996,-8855.225968249055,-180113.77754024905,2019
230,3,In,Assessed,1.0,820-00,"Shopping Center/General Retail [1-10,000]","STORES, ONE STORY",Commercial/Retail,sq. ft.,179304.921224,184872.80082254455,0.0,5567.879598544561,184872.80082254455,2019
231,3,In,Bond submitted,0.0,222-00,High-Rise Apart or Condo over 3 floors,MULTI-FAMILY 10 OR MORE,Multifamily,unit,1609326.8399999999,1916156.3204074318,1413597.9000000001,306829.48040743195,502558.42040743167,2019
232,3,In,Collected,0.0,150-00,Warehousing,"WAREHOUSING, DISTRIBUTION TERMINALS",Industrial/Manufacturing,sq. ft.,1203549.6763839999,446457.7958729298,1737295.74,-757091.8805110701,-1290837.9441270703,2019
233,3,In,Collected,0.0,151-00,Mini-Warehouse,"WAREHOUSING, DISTRIBUTION TERMINALS",Industrial/Manufacturing,sq. ft.,1073583.8608879999,715669.1631600724,730875.3999999999,-357914.6977279275,-15206.2368399275,2019
234,3,In,Collected,0.0,210-00,Single Family Detached,SINGLE FAMILY RESIDENTIAL,Single-family,unit,307743.28199999995,322524.6899138787,336269.14,14781.407913878735,-13744.450086121331,2019
235,3,In,Collected,0.0,220-00,Apartment (Rentals),MULTI-FAMILY 10 OR MORE,Multifamily,unit,486235.93216,560367.7762152604,663742.3300000001,74131.84405526036,-103374.55378473969,2019
236,3,In,Collected,0.0,222-00,High-Rise Apart or Condo over 3 floors,MULTI-FAMILY 10 OR MORE,Multifamily,unit,1110631.368,1250086.868981171,1088063.25,139455.50098117092,162023.61898117093,2019
237,3,In,Collected,0.0,230-00,"Condominium,Townhouse",CONDOMINIUM,Single-family,unit,452623.072,483049.48849894083,436359.47,30426.416498940845,46690.01849894086,2019
238,3,In,Collected,0.0,231-00,Duplex,MULTI-FAMILY LESS THAN 10,Multifamily,unit,-3819.2879999999986,-3731.1169400852264,880086.77,88.17105991477229,-883817.8869400852,2019
239,3,In,Collected,0.0,310-00,Hotel,"HOTELS, MOTELS",Commercial/Retail,room,1831850.0199999998,1858833.7825343197,1190721.74,26983.76253431989,668112.0425343197,2019
240,3,In,Collected,0.0,311-00,All Suites Hotel,"HOTELS, MOTELS",Commercial/Retail,room,180659.16,145123.0949370358,0.0,-35536.06506296419,145123.0949370358,2019
241,3,In,Collected,0.0,492-00,Health/Fitness,OUTDOOR RECREATIONAL,Other,sq. ft.,0.0,0.0,0.0,0.0,0.0,2019
242,3,In,Collected,0.0,520-00,Elementary School (30 SF/St),PUBLIC COUNTY SCHOOLS,Other,student,-40700.0,-412670.43662581325,0.0,-371970.43662581325,-412670.43662581325,2019
243,3,In,Collected,0.0,530-00,High School (25 SF/St),PUBLIC COUNTY SCHOOLS,Other,student,0.0,0.0,0.0,0.0,0.0,2019
244,3,In,Collected,0.0,560-00,Church/Synagogue,"CHURCHES, TEMPLES",Other,sq. ft.,-151362.58367999998,-81975.7633099032,0.0,69386.82037009679,-81975.7633099032,2019
245,3,In,Collected,0.0,565-00,Day Care Center,PRIVATE SCHOOLS & COLLEGES,Other,sq. ft.,0.0,0.0,0.0,0.0,0.0,2019
246,3,In,Collected,0.0,630-00,Clinic,PROFESSIONAL BUILDING,Office,sq. ft.,28108.006080000003,13780.34291716808,0.0,-14327.663162831923,13780.34291716808,2019
247,3,In,Collected,0.0,710-00,"General Office Building [1-50,000]","OFFICE, ONE STORY",Office,sq. ft.,2178775.706448,2216250.110772418,3394190.75,37474.404324417934,-1177940.6392275821,2019
248,3,In,Collected,0.0,710-01,"General Office Building [50,001 -100,000]","OFFICE, ONE STORY",Office,sq. ft.,260540.320656,296270.615271191,0.0,35730.294615191,296270.615271191,2019
249,3,In,Collected,0.0,710-02,"General Office Building [100,001-150,000]",PROFESSIONAL BUILDING,Office,sq. ft.,1384416.32824,1818135.1944363932,0.0,433718.86619639327,1818135.1944363932,2019
250,3,In,Collected,0.0,720-00,Medical Office Building,PROFESSIONAL BUILDING,Office,sq. ft.,1468865.6699199998,583896.9330935304,1564518.58,-884968.7368264694,-980621.6469064697,2019
251,3,In,Collected,0.0,820-00,"Shopping Center/General Retail [1-10,000]","STORES, ONE STORY",Commercial/Retail,sq. ft.,64243.18362000001,72624.58006739093,566930.31,8381.396447390915,-494305.72993260913,2019
252,3,In,Collected,0.0,820-01,"Shopping Center/General Retail [10,001 -50,000]","STORES, ONE STORY",Commercial/Retail,sq. ft.,548294.015808,384123.00620506913,55726.92,-164171.00960293086,328396.08620506915,2019
253,3,In,Collected,0.0,820-05,"Shopping Center/General Retail [300,001-400,000]",COMMUNITY SHOPPING CENTER,Commercial/Retail,sq. ft.,-369304.3372479999,-287750.96481163293,0.0,81553.37243636698,-287750.96481163293,2019
254,3,In,Collected,0.0,820-10,"Shopping Center/General Retail [1,000,001-1,200,000]",REGIONAL SHOPPING CENTER,Commercial/Retail,sq. ft.,88760.363824,63478.73500788435,85979.8,-25281.628816115648,-22501.06499211565,2019
255,3,In,Collected,0.0,820-11,"Shopping Center/General Retail [1,200,001-more]",REGIONAL SHOPPING CENTER,Commercial/Retail,sq. ft.,26139.057296000003,19006.019344589884,24517.42,-7133.037951410119,-5511.400655410114,2019
256,3,In,Collected,0.0,853-00,Convenience market with Gasoline,SERVICE STATIONS,Commercial/Retail,sq. ft.,175117.70848,210910.91547884195,89519.92,35793.20699884195,121390.99547884196,2019
257,3,In,Collected,0.0,932-00,High Turnover Rest.,DRIVE-IN RESTAURANTS,Commercial/Retail,sq. ft.,457280.806048,116169.76423521522,0.0,-341111.0418127848,116169.76423521522,2019
258,3,In,Collected,0.0,932-01,High turnover Rest/Seats,"RESTAURANTS, CAFETERIAS",Commercial/Retail,seats,481098.4199999999,155291.78656943445,417384.59,-325806.6334305655,-262092.80343056557,2019
259,3,In,Collected,0.0,933-00,Fast Food Rest. w/o Drive-Thru,"RESTAURANTS, CAFETERIAS",Commercial/Retail,sq. ft.,186700.1389,97645.26129658872,0.0,-89054.87760341127,97645.26129658872,2019
260,3,In,Collected,0.0,934-00,Fast Food Rest. w/ Drive-Thru,DRIVE-IN RESTAURANTS,Commercial/Retail,sq. ft.,187417.8834,192425.2693682874,181546.59,5007.385968287417,10878.679368287412,2019
261,3,In,Collected,1.0,210-00,Single Family Detached,SINGLE FAMILY RESIDENTIAL,Single-family,unit,-28776.528,-30716.637134655113,149.29,-1940.1091346551148,-30865.927134655114,2019
262,3,In,Collected,1.0,230-00,"Condominium,Townhouse",CONDOMINIUM,Single-family,unit,17943.816,19067.742967063452,12866.90508,1123.926967063453,6200.8378870634515,2019
263,3,In,Collected,1.0,231-00,Duplex,MULTI-FAMILY LESS THAN 10,Multifamily,unit,42412.656,37311.16940085226,14833.45001,-5101.486599147742,22477.71939085226,2019
264,3,In,Collected,1.0,630-00,Clinic,PROFESSIONAL BUILDING,Office,sq. ft.,31489.847223999994,16328.10399138869,0.0,-15161.743232611303,16328.10399138869,2019
265,3,In,Collected,1.0,710-00,"General Office Building [1-50,000]","OFFICE, ONE STORY",Office,sq. ft.,-51787.702384,-52319.708963102996,111738.80924,-532.0065791029992,-164058.51820310298,2019
266,3,In,Collected,1.0,720-00,Medical Office Building,PROFESSIONAL BUILDING,Office,sq. ft.,165956.98504,67131.05036867908,0.0,-98825.93467132092,67131.05036867908,2019
267,3,In,Collected,1.0,820-00,"Shopping Center/General Retail [1-10,000]","STORES, ONE STORY",Commercial/Retail,sq. ft.,-27258.847792,-30318.088708060888,67126.17927,-3059.2409160608877,-97444.26797806087,2019
268,3,In,Collected,1.0,932-00,High Turnover Rest.,DRIVE-IN RESTAURANTS,Commercial/Retail,sq. ft.,84686.35406,22643.372878660666,0.0,-62042.98118133933,22643.372878660666,2019
269,3,In,Collected,1.0,932-01,High turnover Rest/Seats,"RESTAURANTS, CAFETERIAS",Commercial/Retail,seats,73707.7,24051.926539373682,0.0,-49655.77346062631,24051.926539373682,2019
270,3,Out,Assessed,0.0,150-00,Warehousing,"WAREHOUSING, DISTRIBUTION TERMINALS",Industrial/Manufacturing,sq. ft.,3082958.1447147997,1108946.895290673,3178569.13,-1974011.2494241267,-2069622.2347093269,2019
271,3,Out,Assessed,0.0,151-00,Mini-Warehouse,"WAREHOUSING, DISTRIBUTION TERMINALS",Industrial/Manufacturing,sq. ft.,90368.35407599999,58229.808790570554,87538.76,-32138.545285429434,-29308.95120942944,2019
272,3,Out,Assessed,0.0,210-00,Single Family Detached,SINGLE FAMILY RESIDENTIAL,Single-family,unit,99293.34799999998,99582.76875485148,436600.54,289.4207548514969,-337017.7712451485,2019
273,3,Out,Assessed,0.0,220-00,Apartment (Rentals),MULTI-FAMILY 10 OR MORE,Multifamily,unit,38915.712,46331.30512407921,22301.120000000003,7415.593124079212,24030.18512407921,2019
274,3,Out,Assessed,0.0,222-00,High-Rise Apart or Condo over 3 floors,MULTI-FAMILY 10 OR MORE,Multifamily,unit,271599.24,314519.09432477737,0.0,42919.85432477738,314519.09432477737,2019
275,3,Out,Assessed,0.0,230-00,"Condominium,Townhouse",CONDOMINIUM,Single-family,unit,69821.66399999999,74180.72350467328,34763.39,4359.059504673292,39417.33350467328,2019
276,3,Out,Assessed,0.0,231-00,Duplex,MULTI-FAMILY LESS THAN 10,Multifamily,unit,57003.70368,50223.47232320951,50189.86,-6780.231356790486,33.6123232095124,2019
277,3,Out,Assessed,0.0,311-00,All Suites Hotel,"HOTELS, MOTELS",Commercial/Retail,room,6370.364,4704.863862782179,6170.8,-1665.5001372178203,-1465.936137217821,2019
278,3,Out,Assessed,0.0,492-00,Health/Fitness,OUTDOOR RECREATIONAL,Other,sq. ft.,0.0,0.0,0.0,0.0,0.0,2019
279,3,Out,Assessed,0.0,520-00,Elementary School (30 SF/St),PUBLIC COUNTY SCHOOLS,Other,student,6715.5,65817.28491261016,0.0,59101.784912610165,65817.28491261016,2019
280,3,Out,Assessed,0.0,530-00,High School (25 SF/St),PUBLIC COUNTY SCHOOLS,Other,student,1140381.4399999997,2131490.186479647,0.0,991108.7464796475,2131490.186479647,2019
281,3,Out,Assessed,0.0,560-00,Church/Synagogue,"CHURCHES, TEMPLES",Other,sq. ft.,89095.02201599999,46641.55677224628,49654.62,-42453.46524375371,-3013.0632277537225,2019
282,3,Out,Assessed,0.0,565-00,Day Care Center,PRIVATE SCHOOLS & COLLEGES,Other,sq. ft.,-37188.2412,-225078.84211423638,69446.51000000001,-187890.6009142364,-294525.3521142364,2019
283,3,Out,Assessed,0.0,610-00,Hospital,HOSPITALS,Other,sq. ft.,4266129.379776,2643021.069548931,0.0,-1623108.310227069,2643021.069548931,2019
284,3,Out,Assessed,0.0,630-00,Clinic,PROFESSIONAL BUILDING,Office,sq. ft.,1909279.5135920001,906025.4656205953,0.0,-1003254.0479714049,906025.4656205953,2019
285,3,Out,Assessed,0.0,710-00,"General Office Building [1-50,000]","OFFICE, ONE STORY",Office,sq. ft.,-211998.62678016006,-228658.0309697844,562308.29,-16659.40418962433,-790966.3209697844,2019
286,3,Out,Assessed,0.0,710-01,"General Office Building [50,001 -100,000]","OFFICE, ONE STORY",Office,sq. ft.,-307811.23304316,-338337.98761544086,0.0,-30526.754572280857,-338337.98761544086,2019
287,3,Out,Assessed,0.0,720-00,Medical Office Building,PROFESSIONAL BUILDING,Office,sq. ft.,112267.69400000002,45623.398731924884,0.0,-66644.29526807513,45623.398731924884,2019
288,3,Out,Assessed,0.0,820-00,"Shopping Center/General Retail [1-10,000]","STORES, ONE STORY",Commercial/Retail,sq. ft.,222834.0466,213446.7698520178,221188.96000000002,-9387.276747982192,-7742.190147982212,2019
289,3,Out,Assessed,0.0,820-01,"Shopping Center/General Retail [10,001 -50,000]","STORES, ONE STORY",Commercial/Retail,sq. ft.,1208764.463192,813644.6178663699,1080658.37,-395119.84532563016,-267013.7521336302,2019
290,3,Out,Assessed,0.0,820-02,"Shopping Center/General Retail [50,001 -100,000]","STORES, ONE STORY",Commercial/Retail,sq. ft.,11503.567820800003,6061.600785871782,17651.76,-5441.9670349282205,-11590.159214128216,2019
291,3,Out,Assessed,0.0,820-03,"Shopping Center/General Retail [100,001-200,000]",COMMUNITY SHOPPING CENTER,Commercial/Retail,sq. ft.,307809.723936,388240.39276278636,0.0,80430.66882678634,388240.39276278636,2019
292,3,Out,Assessed,0.0,820-04,"Shopping Center/General Retail [200,001-300,000]",COMMUNITY SHOPPING CENTER,Commercial/Retail,sq. ft.,4.3655745685100555e-11,-2.9103830456733704e-11,0.0,-7.275957614183426e-11,-2.9103830456733704e-11,2019
293,3,Out,Assessed,0.0,853-00,Convenience market with Gasoline,SERVICE STATIONS,Commercial/Retail,sq. ft.,1071371.1825146,1293683.9241321653,172318.15,222312.74161756528,1121365.7741321654,2019
294,3,Out,Assessed,0.0,912-00,Bank (Drive-in),"RESTAURANTS, CAFETERIAS",Commercial/Retail,sq. ft.,-92964.00959999999,-41648.18029293099,277503.64,51315.829307069,-319151.820292931,2019
295,3,Out,Assessed,0.0,932-00,High Turnover Rest.,DRIVE-IN RESTAURANTS,Commercial/Retail,sq. ft.,-155266.68234,-40129.02582628619,0.0,115137.65651371381,-40129.02582628619,2019
296,3,Out,Assessed,0.0,932-01,High turnover Rest/Seats,"RESTAURANTS, CAFETERIAS",Commercial/Retail,seats,15303.199999999999,5054.11009697392,0.0,-10249.089903026079,5054.11009697392,2019
297,3,Out,Collected,0.0,140-00,Manufacturing,HEAVY INDUSTRIAL,Industrial/Manufacturing,sq. ft.,-77715.45342,-77946.9451472624,129016.64,-231.49172726240067,-206963.5851472624,2019
298,3,Out,Collected,0.0,150-00,Warehousing,"WAREHOUSING, DISTRIBUTION TERMINALS",Industrial/Manufacturing,sq. ft.,18281738.711324,6583487.069596567,16837610.0,-11698251.641727433,-10254122.930403434,2019
299,3,Out,Collected,0.0,151-00,Mini-Warehouse,"WAREHOUSING, DISTRIBUTION TERMINALS",Industrial/Manufacturing,sq. ft.,611573.3941239999,394073.8122915369,609431.97,-217499.58183246298,-215358.15770846308,2019
300,3,Out,Collected,0.0,210-00,Single Family Detached,SINGLE FAMILY RESIDENTIAL,Single-family,unit,3123224.3085999996,3191129.8247492155,3075259.7399999998,67905.51614921587,115870.08474921575,2019
301,3,Out,Collected,0.0,220-00,Apartment (Rentals),MULTI-FAMILY 10 OR MORE,Multifamily,unit,5357725.208,6015347.781942951,4810701.83,657622.5739429509,1204645.9519429505,2019
302,3,Out,Collected,0.0,222-00,High-Rise Apart or Condo over 3 floors,MULTI-FAMILY 10 OR MORE,Multifamily,unit,2538585.984,2779034.3856756445,2459060.25,240448.40167564433,319974.1356756445,2019
303,3,Out,Collected,0.0,230-00,"Condominium,Townhouse",CONDOMINIUM,Single-family,unit,4943581.544,5112288.194863733,4800196.3,168706.65086373314,312091.8948637331,2019
304,3,Out,Collected,0.0,231-00,Duplex,MULTI-FAMILY LESS THAN 10,Multifamily,unit,65797.24799999999,58061.81771469308,95863.57,-7735.430285306909,-37801.752285306924,2019
305,3,Out,Collected,0.0,310-00,Hotel,"HOTELS, MOTELS",Commercial/Retail,room,2367437.5999999996,2425220.1839767336,1359274.23,57782.583976733964,1065945.9539767336,2019
306,3,Out,Collected,0.0,311-00,All Suites Hotel,"HOTELS, MOTELS",Commercial/Retail,room,379384.236,296406.4233552773,0.0,-82977.8126447227,296406.4233552773,2019
307,3,Out,Collected,0.0,491-00,Racquet Club,OUTDOOR RECREATIONAL,Other,court,0.0,0.0,0.0,0.0,0.0,2019
308,3,Out,Collected,0.0,492-00,Health/Fitness,OUTDOOR RECREATIONAL,Other,sq. ft.,0.0,0.0,0.0,0.0,0.0,2019
309,3,Out,Collected,0.0,520-00,Elementary School (30 SF/St),PUBLIC COUNTY SCHOOLS,Other,student,0.0,0.0,0.0,0.0,0.0,2019
310,3,Out,Collected,0.0,530-00,High School (25 SF/St),PUBLIC COUNTY SCHOOLS,Other,student,0.0,0.0,0.0,0.0,0.0,2019
311,3,Out,Collected,0.0,540-00,Jr./Community College (25 SF/St),COLLEGES,Other,student,196581.0,100510.29988046616,0.0,-96070.70011953384,100510.29988046616,2019
312,3,Out,Collected,0.0,550-00,University (20 SF/St),COLLEGES,Other,student,611154.456,226111.5317645789,536824.86,-385042.9242354211,-310713.3282354211,2019
313,3,Out,Collected,0.0,560-00,Church/Synagogue,"CHURCHES, TEMPLES",Other,sq. ft.,6370.911007999999,3335.194276254824,6370.96,-3035.716731745175,-3035.765723745176,2019
314,3,Out,Collected,0.0,565-00,Day Care Center,PRIVATE SCHOOLS & COLLEGES,Other,sq. ft.,10287.1692,62262.265099249584,0.0,51975.09589924959,62262.265099249584,2019
315,3,Out,Collected,0.0,610-00,Hospital,HOSPITALS,Other,sq. ft.,19574.342655999997,12127.011503128588,0.0,-7447.331152871409,12127.011503128588,2019
316,3,Out,Collected,0.0,620-00,Nursing Home,"SANITARIUM, CONVALESCENT & REST HOME",Other,bed,39410.623999999996,51666.09378421347,0.0,12255.469784213477,51666.09378421347,2019
317,3,Out,Collected,0.0,630-00,Clinic,PROFESSIONAL BUILDING,Office,sq. ft.,28598.262000000002,13552.589620111132,0.0,-15045.67237988887,13552.589620111132,2019
318,3,Out,Collected,0.0,710-00,"General Office Building [1-50,000]","OFFICE, ONE STORY",Office,sq. ft.,1205406.06267576,1187328.8327376,1467287.21,-18077.22993815993,-279958.3772624,2019
319,3,Out,Collected,0.0,710-01,"General Office Building [50,001 -100,000]","OFFICE, ONE STORY",Office,sq. ft.,-1478119.7799983998,-1624710.2708857744,2035577.54,-146590.49088737462,-3660287.8108857744,2019
320,3,Out,Collected,0.0,710-02,"General Office Building [100,001-150,000]",PROFESSIONAL BUILDING,Office,sq. ft.,-7966.806847999999,-10695.631118078862,0.0,-2728.8242700788624,-10695.631118078862,2019
321,3,Out,Collected,0.0,720-00,Medical Office Building,PROFESSIONAL BUILDING,Office,sq. ft.,155506.82048,61386.777364998634,40292.53,-94120.04311500136,21094.247364998635,2019
322,3,Out,Collected,0.0,820-00,"Shopping Center/General Retail [1-10,000]","STORES, ONE STORY",Commercial/Retail,sq. ft.,195344.096068,193298.99064168718,1614397.57,-2045.1054263128317,-1421098.5793583128,2019
323,3,Out,Collected,0.0,820-01,"Shopping Center/General Retail [10,001 -50,000]","STORES, ONE STORY",Commercial/Retail,sq. ft.,399839.3478199999,269140.2198455164,766.13,-130699.12797448353,268374.08984551637,2019
324,3,Out,Collected,0.0,820-02,"Shopping Center/General Retail [50,001 -100,000]","STORES, ONE STORY",Commercial/Retail,sq. ft.,1287801.9844799999,708462.2262000927,294232.74,-579339.7582799072,414229.4862000927,2019
325,3,Out,Collected,0.0,820-03,"Shopping Center/General Retail [100,001-200,000]",COMMUNITY SHOPPING CENTER,Commercial/Retail,sq. ft.,2838599.891556,3580325.9322088375,0.0,741726.0406528376,3580325.9322088375,2019
326,3,Out,Collected,0.0,820-04,"Shopping Center/General Retail [200,001-300,000]",COMMUNITY SHOPPING CENTER,Commercial/Retail,sq. ft.,79657.36763599998,88570.47113479771,126871.45,8913.103498797733,-38300.97886520228,2019
327,3,Out,Collected,0.0,820-05,"Shopping Center/General Retail [300,001-400,000]",COMMUNITY SHOPPING CENTER,Commercial/Retail,sq. ft.,352979.5932959999,265848.76050861395,223143.0,-87130.83278738597,42705.76050861395,2019
328,3,Out,Collected,0.0,851-00,Convenience market,"STORES, ONE STORY",Commercial/Retail,sq. ft.,-140710.97040000002,-229219.27497197542,0.0,-88508.3045719754,-229219.27497197542,2019
329,3,Out,Collected,0.0,853-00,Convenience market with Gasoline,SERVICE STATIONS,Commercial/Retail,sq. ft.,1580422.36748,1867526.0410150473,1004406.95,287103.67353504733,863119.0910150474,2019
330,3,Out,Collected,0.0,911-00,Bank (Walk-in),"RESTAURANTS, CAFETERIAS",Commercial/Retail,sq. ft.,15720.246388,1345.372881047268,15227.77,-14374.873506952732,-13882.397118952733,2019
331,3,Out,Collected,0.0,932-00,High Turnover Rest.,DRIVE-IN RESTAURANTS,Commercial/Retail,sq. ft.,-159315.36029376,-38402.29706869795,19843.43,120913.06322506204,-58245.727068697954,2019
332,3,Out,Collected,0.0,932-01,High turnover Rest/Seats,"RESTAURANTS, CAFETERIAS",Commercial/Retail,seats,153886.69999999998,48014.04592125224,0.0,-105872.65407874774,48014.04592125224,2019
333,3,Out,Collected,0.0,934-00,Fast Food Rest. w/ Drive-Thru,DRIVE-IN RESTAURANTS,Commercial/Retail,sq. ft.,21829.038,21663.984304093596,0.0,-165.05369590640476,21663.984304093596,2019
334,3,Out,Collected,0.0,937-00,Coffee/Donut Shop,DRIVE-IN RESTAURANTS,Commercial/Retail,sq. ft.,84680.836768,126871.47869337024,10939.89,42190.64192537025,115931.58869337024,2019
335,3,Out,Collected,0.0,944-00,Service Stations w/ Gasoline,SERVICE STATIONS,Commercial/Retail,fuel station,-135975.444,-207233.81484041142,11974.160000000002,-71258.37084041143,-219207.97484041142,2019
336,3,Out,Collected,1.0,210-00,Single Family Detached,SINGLE FAMILY RESIDENTIAL,Single-family,unit,9769.627999999999,9958.276875485148,298.58,188.6488754851489,9659.696875485148,2019
337,3,Out,Collected,1.0,231-00,Duplex,MULTI-FAMILY LESS THAN 10,Multifamily,unit,8576.304,7257.727214336635,8577.93625,-1318.5767856633647,-1320.2090356633653,2019
338,3,Out,Collected,1.0,710-00,"General Office Building [1-50,000]","OFFICE, ONE STORY",Office,sq. ft.,-63244.53423199999,-61257.98426996512,101193.79843000001,1986.549962034871,-162451.78269996512,2019
339,3,Out,Collected,1.0,720-00,Medical Office Building,PROFESSIONAL BUILDING,Office,sq. ft.,6433.0419999999995,2471.855968447943,0.0,-3961.1860315520566,2471.855968447943,2019
340,3,Out,Collected,1.0,820-00,"Shopping Center/General Retail [1-10,000]","STORES, ONE STORY",Commercial/Retail,sq. ft.,110906.56064399998,104510.9375239744,10073.719369999999,-6395.623120025586,94437.21815397439,2019
341,3,Out,Collected,1.0,820-01,"Shopping Center/General Retail [10,001 -50,000]","STORES, ONE STORY",Commercial/Retail,sq. ft.,-275753.257824,-185615.27983303802,0.0,90137.97799096195,-185615.27983303802,2019
342,3,Out,Collected,1.0,944-00,Service Stations w/ Gasoline,SERVICE STATIONS,Commercial/Retail,fuel station,-74168.424,-113036.62627658804,127249.02053000001,-38868.20227658804,-240285.64680658805,2019
343,4,In,Assessed,0.0,150-00,Warehousing,"WAREHOUSING, DISTRIBUTION TERMINALS",Industrial/Manufacturing,sq. ft.,100938.22710399999,35142.35699718053,141934.97,-65795.87010681946,-106792.61300281947,2019
344,4,In,Assessed,0.0,210-00,Single Family Detached,SINGLE FAMILY RESIDENTIAL,Single-family,unit,70145.92903999999,68569.35076474739,88285.13,-1576.5782752525993,-19715.779235252616,2019
345,4,In,Assessed,0.0,220-00,Apartment (Rentals),MULTI-FAMILY 10 OR MORE,Multifamily,unit,157514.60032,170026.47993556954,216482.66,12511.879615569545,-46456.18006443046,2019
346,4,In,Assessed,0.0,222-00,High-Rise Apart or Condo over 3 floors,MULTI-FAMILY 10 OR MORE,Multifamily,unit,-58790.56392,-61720.73151471036,0.0,-2930.1675947103577,-61720.73151471036,2019
347,4,In,Assessed,0.0,231-00,Duplex,MULTI-FAMILY LESS THAN 10,Multifamily,unit,17152.608,13920.410192550578,4248.4400000000005,-3232.197807449422,9671.970192550578,2019
348,4,In,Assessed,0.0,254-00,Assisted Living Facility,HOMES FOR THE AGED,Other,bed,63579.912,60497.13150541603,0.0,-3082.780494583967,60497.13150541603,2019
349,4,In,Assessed,0.0,560-00,Church/Synagogue,"CHURCHES, TEMPLES",Other,sq. ft.,-21782.040895999995,-11073.707114114173,0.0,10708.333781885822,-11073.707114114173,2019
350,4,In,Assessed,0.0,565-00,Day Care Center,PRIVATE SCHOOLS & COLLEGES,Other,sq. ft.,0.0,0.0,0.0,0.0,0.0,2019
351,4,In,Assessed,0.0,710-00,"General Office Building [1-50,000]","OFFICE, ONE STORY",Office,sq. ft.,22238.261848,20917.771212917916,2281.03,-1320.490635082082,18636.741212917917,2019
352,4,In,Assessed,0.0,820-00,"Shopping Center/General Retail [1-10,000]","STORES, ONE STORY",Commercial/Retail,sq. ft.,277261.39801711997,253728.22450771902,507299.03,-23533.17350940095,-253570.805492281,2019
353,4,In,Assessed,0.0,851-00,Convenience market,"STORES, ONE STORY",Commercial/Retail,sq. ft.,39832.028544,63013.04496555561,0.0,23181.016421555607,63013.04496555561,2019
354,4,In,Assessed,0.0,853-00,Convenience market with Gasoline,SERVICE STATIONS,Commercial/Retail,sq. ft.,282891.99224,319828.50798493775,252930.09,36936.51574493776,66898.41798493775,2019
355,4,In,Assessed,0.0,890-00,Furniture Store (free standing),"WHOLESALE, PRODUCE, MFG",Commercial/Retail,sq. ft.,3570.87148,6373.753754731809,0.0,2802.882274731809,6373.753754731809,2019
356,4,In,Assessed,0.0,932-00,High Turnover Rest.,DRIVE-IN RESTAURANTS,Commercial/Retail,sq. ft.,320943.17111999996,76164.02162524653,0.0,-244779.14949475342,76164.02162524653,2019
357,4,In,Assessed,1.0,210-00,Single Family Detached,SINGLE FAMILY RESIDENTIAL,Single-family,unit,19539.255999999998,19100.097706057768,28021.867159999998,-439.15829394222965,-8921.76945394223,2019
358,4,In,Assessed,1.0,220-00,Apartment (Rentals),MULTI-FAMILY 10 OR MORE,Multifamily,unit,2462880.728,2658515.082616266,1633959.43973,195634.35461626574,1024555.6428862659,2019
359,4,In,Assessed,1.0,222-00,High-Rise Apart or Condo over 3 floors,MULTI-FAMILY 10 OR MORE,Multifamily,unit,1012003.872,1062442.9348994636,362836.80817,50439.06289946358,699606.1267294636,2019
360,4,In,Assessed,1.0,231-00,Duplex,MULTI-FAMILY LESS THAN 10,Multifamily,unit,8576.304,6960.205096275289,1623.32402,-1616.098903724711,5336.881076275289,2019
361,4,In,Assessed,1.0,710-00,"General Office Building [1-50,000]","OFFICE, ONE STORY",Office,sq. ft.,87934.25801599999,82712.7903938143,82859.53771,-5221.4676221856935,-146.74731618570513,2019
362,4,In,Assessed,1.0,820-00,"Shopping Center/General Retail [1-10,000]","STORES, ONE STORY",Commercial/Retail,sq. ft.,144930.992228,132629.65417162704,590834.40363,-12301.338056372944,-458204.74945837294,2019
363,4,In,Assessed,1.0,890-00,Furniture Store (free standing),"WHOLESALE, PRODUCE, MFG",Commercial/Retail,sq. ft.,12610.859183999997,22509.494257803453,0.0,9898.635073803456,22509.494257803453,2019
364,4,In,Bond submitted,1.0,230-00,"Condominium,Townhouse",CONDOMINIUM,Single-family,unit,406726.496,403125.367262177,291649.76057,-3601.12873782299,111475.60669217701,2019
365,4,In,Bond submitted,1.0,231-00,Duplex,MULTI-FAMILY LESS THAN 10,Multifamily,unit,12864.456,10440.307644412933,12866.90508,-2424.1483555870673,-2426.5974355870676,2019
366,4,In,Collected,0.0,150-00,Warehousing,"WAREHOUSING, DISTRIBUTION TERMINALS",Industrial/Manufacturing,sq. ft.,11155.036463999999,3883.704766585102,10805.490000000002,-7271.331697414897,-6921.785233414899,2019
367,4,In,Collected,0.0,210-00,Single Family Detached,SINGLE FAMILY RESIDENTIAL,Single-family,unit,810879.124,792654.0548013974,816670.31,-18225.069198602578,-24016.25519860268,2019
368,4,In,Collected,0.0,220-00,Apartment (Rentals),MULTI-FAMILY 10 OR MORE,Multifamily,unit,102905.88,111080.01737950972,91937.91,8174.137379509717,19142.107379509718,2019
369,4,In,Collected,0.0,230-00,"Condominium,Townhouse",CONDOMINIUM,Single-family,unit,352895.048,349770.539242183,343151.58999999997,-3124.508757817035,6618.949242183007,2019
370,4,In,Collected,0.0,231-00,Duplex,MULTI-FAMILY LESS THAN 10,Multifamily,unit,68610.432,55681.64077020231,70639.20999999999,-12928.791229797687,-14957.569229797678,2019
371,4,In,Collected,0.0,492-00,Health/Fitness,OUTDOOR RECREATIONAL,Other,sq. ft.,0.0,0.0,0.0,0.0,0.0,2019
372,4,In,Collected,0.0,560-00,Church/Synagogue,"CHURCHES, TEMPLES",Other,sq. ft.,-11233.082783999998,-5710.75361269096,2663.62,5522.329171309038,-8374.37361269096,2019
373,4,In,Collected,0.0,565-00,Day Care Center,PRIVATE SCHOOLS & COLLEGES,Other,sq. ft.,10403.4084,61147.61837126029,0.0,50744.20997126029,61147.61837126029,2019
374,4,In,Collected,0.0,630-00,Clinic,PROFESSIONAL BUILDING,Office,sq. ft.,22061.5164,10152.96462983775,0.0,-11908.55177016225,10152.96462983775,2019
375,4,In,Collected,0.0,710-00,"General Office Building [1-50,000]","OFFICE, ONE STORY",Office,sq. ft.,22286.0176,20962.691265629983,21587.86,-1323.3263343700164,-625.1687343700178,2019
376,4,In,Collected,0.0,820-00,"Shopping Center/General Retail [1-10,000]","STORES, ONE STORY",Commercial/Retail,sq. ft.,37276.76695599999,34112.81903205969,57479.399999999994,-3163.947923940301,-23366.580967940303,2019
377,4,In,Collected,0.0,820-02,"Shopping Center/General Retail [50,001 -100,000]","STORES, ONE STORY",Commercial/Retail,sq. ft.,51818.119935999996,26516.200284519105,51817.94,-25301.91965148089,-25301.739715480897,2019
378,4,In,Collected,1.0,150-00,Warehousing,"WAREHOUSING, DISTRIBUTION TERMINALS",Industrial/Manufacturing,sq. ft.,28681.4528,9985.650455866195,21231.46908,-18695.802344133805,-11245.818624133804,2019
379,4,In,Collected,1.0,210-00,Single Family Detached,SINGLE FAMILY RESIDENTIAL,Single-family,unit,117235.536,114600.5862363466,8985.42404,-2634.9497636533924,105615.1621963466,2019
380,4,In,Collected,1.0,220-00,Apartment (Rentals),MULTI-FAMILY 10 OR MORE,Multifamily,unit,2675552.88,2888080.4518672526,1918548.14176,212527.5718672527,969532.3101072526,2019
381,4,In,Collected,1.0,222-00,High-Rise Apart or Condo over 3 floors,MULTI-FAMILY 10 OR MORE,Multifamily,unit,741850.296,778824.6938034203,150007.10138,36974.39780342032,628817.5924234203,2019
382,4,In,Collected,1.0,230-00,"Condominium,Townhouse",CONDOMINIUM,Single-family,unit,855321.896,847748.9340954605,605435.14916,-7572.961904539494,242313.78493546043,2019
383,4,In,Collected,1.0,231-00,Duplex,MULTI-FAMILY LESS THAN 10,Multifamily,unit,8576.304,6960.205096275289,8577.93625,-1616.098903724711,-1617.7311537247115,2019
384,4,In,Collected,1.0,560-00,Church/Synagogue,"CHURCHES, TEMPLES",Other,sq. ft.,-15606.594079999997,-7934.190038295488,127179.06271999999,7672.404041704509,-135113.25275829548,2019
385,4,In,Collected,1.0,710-00,"General Office Building [1-50,000]","OFFICE, ONE STORY",Office,sq. ft.,15250.003471999999,14344.470166052517,18152.45375,-905.5333059474815,-3807.9835839474836,2019
386,4,In,Collected,1.0,820-00,"Shopping Center/General Retail [1-10,000]","STORES, ONE STORY",Commercial/Retail,sq. ft.,10064.919523999999,9210.637250267022,0.0,-854.282273732977,9210.637250267022,2019
387,4,Out,Assessed,0.0,140-00,Manufacturing,HEAVY INDUSTRIAL,Industrial/Manufacturing,sq. ft.,7621.052208,8395.286031430156,73285.20000000001,774.233823430156,-64889.913968569854,2019
388,4,Out,Assessed,0.0,150-00,Warehousing,"WAREHOUSING, DISTRIBUTION TERMINALS",Industrial/Manufacturing,sq. ft.,5746.533936,2158.6286163977875,0.0,-3587.9053196022123,2158.6286163977875,2019
389,4,Out,Assessed,0.0,210-00,Single Family Detached,SINGLE FAMILY RESIDENTIAL,Single-family,unit,312628.09599999996,333868.46321403474,1308632.74,21240.367214034777,-974764.2767859653,2019
390,4,Out,Assessed,0.0,230-00,"Condominium,Townhouse",CONDOMINIUM,Single-family,unit,693827.552,751292.4607864548,665706.79,57464.90878645482,85585.67078645481,2019
391,4,Out,Assessed,0.0,231-00,Duplex,MULTI-FAMILY LESS THAN 10,Multifamily,unit,8576.304,7603.995719387444,0.0,-972.3082806125558,7603.995719387444,2019
392,4,Out,Assessed,0.0,520-00,Elementary School (30 SF/St),PUBLIC COUNTY SCHOOLS,Other,student,155612.38,1598002.1546251273,0.0,1442389.7746251272,1598002.1546251273,2019
393,4,Out,Assessed,0.0,560-00,Church/Synagogue,"CHURCHES, TEMPLES",Other,sq. ft.,-49739.52860799999,-27283.046879446818,0.0,22456.481728553175,-27283.046879446818,2019
394,4,Out,Assessed,0.0,710-00,"General Office Building [1-50,000]","OFFICE, ONE STORY",Office,sq. ft.,112305.61012,113975.82936616064,111247.39,1670.2192461606464,2728.4393661606446,2019
395,4,Out,Assessed,0.0,820-01,"Shopping Center/General Retail [10,001 -50,000]","STORES, ONE STORY",Commercial/Retail,sq. ft.,259316.77609199996,182892.245538592,0.0,-76424.53055340797,182892.245538592,2019
396,4,Out,Assessed,0.0,820-02,"Shopping Center/General Retail [50,001 -100,000]","STORES, ONE STORY",Commercial/Retail,sq. ft.,909735.4647039999,502274.93338920193,0.0,-407460.531314798,502274.93338920193,2019
397,4,Out,Assessed,0.0,853-00,Convenience market with Gasoline,SERVICE STATIONS,Commercial/Retail,sq. ft.,192790.70668,235168.61080291847,186751.1,42377.904122918466,48417.51080291846,2019
398,4,Out,Assessed,0.0,932-01,High turnover Rest/Seats,"RESTAURANTS, CAFETERIAS",Commercial/Retail,seats,68034.12,22241.577911533852,0.0,-45792.54208846614,22241.577911533852,2019
399,4,Out,Assessed,0.0,944-00,Service Stations w/ Gasoline,SERVICE STATIONS,Commercial/Retail,fuel station,86529.828,138177.58011406285,83819.12999999999,51647.75211406285,54358.450114062856,2019
400,4,Out,Assessed,1.0,220-00,Apartment (Rentals),MULTI-FAMILY 10 OR MORE,Multifamily,unit,116626.66399999999,137535.06211054852,80977.49563,20908.39811054853,56557.566480548514,2019
401,4,Out,Collected,0.0,150-00,Warehousing,"WAREHOUSING, DISTRIBUTION TERMINALS",Industrial/Manufacturing,sq. ft.,-103330.0554,-38814.91295528107,142011.39,64515.14244471893,-180826.30295528108,2019
402,4,Out,Collected,0.0,151-00,Mini-Warehouse,"WAREHOUSING, DISTRIBUTION TERMINALS",Industrial/Manufacturing,sq. ft.,719197.8676959999,485566.8046115829,454574.87,-233631.06308441702,30991.934611582896,2019
403,4,Out,Collected,0.0,210-00,Single Family Detached,SINGLE FAMILY RESIDENTIAL,Single-family,unit,6001775.569239999,6409544.156446186,5715138.32,407768.5872061867,694405.8364461856,2019
404,4,Out,Collected,0.0,220-00,Apartment (Rentals),MULTI-FAMILY 10 OR MORE,Multifamily,unit,164649.408,194167.14650900965,158690.81,29517.73850900965,35476.33650900965,2019
405,4,Out,Collected,0.0,230-00,"Condominium,Townhouse",CONDOMINIUM,Single-family,unit,1543168.176,1670978.059335391,1498856.2,127809.88333539106,172121.85933539108,2019
406,4,Out,Collected,0.0,231-00,Duplex,MULTI-FAMILY LESS THAN 10,Multifamily,unit,497425.632,441031.75172447175,728139.0599999999,-56393.88027552824,-287107.3082755282,2019
407,4,Out,Collected,0.0,710-00,"General Office Building [1-50,000]","OFFICE, ONE STORY",Office,sq. ft.,72525.06870399999,73603.66812079772,70951.23999999999,1078.5994167977333,2652.428120797733,2019
408,4,Out,Collected,0.0,720-00,Medical Office Building,PROFESSIONAL BUILDING,Office,sq. ft.,38892.33392,15658.21985077629,22936.480000000003,-23234.11406922371,-7278.260149223714,2019
409,4,Out,Collected,0.0,820-00,"Shopping Center/General Retail [1-10,000]","STORES, ONE STORY",Commercial/Retail,sq. ft.,471126.75882799993,465172.34123696457,667731.22,-5954.417591035366,-202558.8787630354,2019
410,4,Out,Collected,0.0,820-01,"Shopping Center/General Retail [10,001 -50,000]","STORES, ONE STORY",Commercial/Retail,sq. ft.,205391.31109199996,144859.4212292857,0.0,-60531.88986271425,144859.4212292857,2019
411,4,Out,Collected,0.0,850-00,Supermarket (free standing),SUPERMARKETS,Commercial/Retail,sq. ft.,448324.04170400003,271657.6044910395,434279.63,-176666.4372129605,-162622.02550896048,2019
412,4,Out,Collected,0.0,934-00,Fast Food Rest. w/ Drive-Thru,DRIVE-IN RESTAURANTS,Commercial/Retail,sq. ft.,23492.2028,24428.628379024885,22756.260000000002,936.4255790248862,1672.3683790248833,2019
413,4,Out,Collected,0.0,944-00,Service Stations w/ Gasoline,SERVICE STATIONS,Commercial/Retail,fuel station,0.0,0.0,0.0,0.0,0.0,2019
