,Ring,SMART,PED_ORIENTED,CAT_CODE,LANDUSE,SPC_LU,GN_VA_LU,UNITS,RIF_CALCULATED,MF_CALCULATED,RIF_ACTUAL,DIFF_MF_RF_CALC,DIFF_MF_RF_ACTUAL,YEAR
0,1,In,0.0,140-00,Manufacturing,HEAVY INDUSTRIAL,Industrial/Manufacturing,sq. ft.,-149736.5526,-244344.93239204466,964916.42,24978.783123549954,-64606.71555045003,2019
1,1,In,0.0,150-00,Warehousing,"WAREHOUSING, DISTRIBUTION TERMINALS",Industrial/Manufacturing,sq. ft.,-496558.62379,-276367.4287040476,1139996.37,-15393.96254467791,39815.92515532209,2019
2,1,In,0.0,210-00,Single Family Detached,SINGLE FAMILY RESIDENTIAL,Single-family,unit,-264181.44,-457824.1384356704,1421783.77,5975.047912598302,-25455.9444674017,2019
3,1,In,0.0,220-00,Apartment (Rentals),MULTI-FAMILY 10 OR MORE,Multifamily,unit,1255956.0,2403697.972586644,1755137.06,92612.2758783221,26307.40602832209,2019
4,1,In,0.0,222-00,High-Rise Apart or Condo over 3 floors,MULTI-FAMILY 10 OR MORE,Multifamily,unit,7852140.299999999,14617140.977096401,3120983.94,-52336.77575187737,-132944.5744518774,2019
5,1,In,0.0,230-00,"Condominium,Townhouse",CONDOMINIUM,Single-family,unit,13479.12,23683.346144359366,0.0,77466.9778777788,166095.9312277788,2019
6,1,In,0.0,231-00,Duplex,MULTI-FAMILY LESS THAN 10,Multifamily,unit,-33814.2,-48659.98081537316,3528841.37,91390.88087827827,36739.74902827828,2019
7,1,In,0.0,254-00,Assisted Living Facility,HOMES FOR THE AGED,Other,bed,12462.56,21015.93855813459,0.0,28144.862004190472,78485.72606419047,2019
8,1,In,0.0,310-00,Hotel,"HOTELS, MOTELS",Commercial/Retail,room,6801531.359999999,11200444.454557827,100070.12,-30867.08640862214,-86077.01426662214,2019
9,1,In,0.0,311-00,All Suites Hotel,"HOTELS, MOTELS",Commercial/Retail,room,1072820.97,1347384.3608084037,0.0,391.10978733776176,319.17214733776177,2019
10,1,In,0.0,320-00,Motel,"HOTELS, MOTELS",Commercial/Retail,room,41911.76,27078.228526827257,0.0,4171.837731602792,3404.4995716027915,2019
11,1,In,0.0,520-00,Elementary School (30 SF/St),PUBLIC COUNTY SCHOOLS,Other,student,30217.44,460410.80841988657,0.0,802.2764868466909,-11776.41431315331,2019
12,1,In,0.0,560-00,Church/Synagogue,"CHURCHES, TEMPLES",Other,sq. ft.,-80988.77053390001,-65817.93801180104,0.0,25472.278457382425,30669.30805738242,2019
13,1,In,0.0,565-00,Day Care Center,PRIVATE SCHOOLS & COLLEGES,Other,sq. ft.,-12140.214450000001,-114026.6939205512,0.0,-4999.185358663441,-16976.95949866344,2019
14,1,In,0.0,610-00,Hospital,HOSPITALS,Other,sq. ft.,829161.2574,755263.8568737371,1348029.3599999999,-1333.7846593826234,-4529.457579382623,2019
15,1,In,0.0,630-00,Clinic,PROFESSIONAL BUILDING,Office,sq. ft.,82598.65444,57551.49472759094,0.0,-5107.743395789885,-14243.628158789885,2019
16,1,In,0.0,710-00,"General Office Building [1-50,000]","OFFICE, ONE STORY",Office,sq. ft.,1128790.5132,1607366.7041626999,7987911.96,-6744.136717554995,-22902.720617554995,2019
17,1,In,0.0,710-01,"General Office Building [50,001 -100,000]","OFFICE, ONE STORY",Office,sq. ft.,939350.81397,1518022.3229592785,0.0,-19189.45071976428,-183806.0194597643,2019
18,1,In,0.0,710-02,"General Office Building [100,001-150,000]",PROFESSIONAL BUILDING,Office,sq. ft.,919120.1670799999,1715379.411806618,11463.16,2306.544899684236,-275.099900315764,2019
19,1,In,0.0,720-00,Medical Office Building,PROFESSIONAL BUILDING,Office,sq. ft.,59456.97450000001,33589.33523109278,0.0,17529.741237600196,17464.436757600197,2019
20,1,In,0.0,760-00,Research Center,PROFESSIONAL BUILDING,Office,sq. ft.,-4434.4209599999995,-12402.693208894421,0.0,-116931.79795790519,-1262041.586357905,2019
21,1,In,0.0,820-00,"Shopping Center/General Retail [1-10,000]","STORES, ONE STORY",Commercial/Retail,sq. ft.,-95797.28125690001,-132724.90595649127,11330063.16,-39973.425957136365,-111476.16459713636,2019
22,1,In,0.0,820-01,"Shopping Center/General Retail [10,001 -50,000]","STORES, ONE STORY",Commercial/Retail,sq. ft.,833265.50976,824631.638053609,152876.96,-3630.301102981276,-23943.371982981276,2019
23,1,In,0.0,820-02,"Shopping Center/General Retail [50,001 -100,000]","STORES, ONE STORY",Commercial/Retail,sq. ft.,833922.64305,646104.3693360611,0.0,-1629.6241139073404,-9695.74561390734,2019
24,1,In,0.0,820-06,"Shopping Center/General Retail [400,001-500,000]",COMMUNITY SHOPPING CENTER,Commercial/Retail,sq. ft.,6850899.74959,7338949.838082207,0.0,13884.397450490545,-1656.003769509458,2019
25,1,In,0.0,850-00,Supermarket (free standing),SUPERMARKETS,Commercial/Retail,sq. ft.,282112.47005999996,239936.17652639793,0.0,-1494.2399567519615,-8742.288716751962,2019
26,1,In,0.0,853-00,Convenience market with Gasoline,SERVICE STATIONS,Commercial/Retail,sq. ft.,224594.22195,384426.7100002838,180626.59999999998,-7907.437623482696,-210005.8513634827,2019
27,1,In,0.0,911-00,Bank (Walk-in),"RESTAURANTS, CAFETERIAS",Commercial/Retail,sq. ft.,40848.041509999995,5139.53827898201,0.0,-8537.475377059487,-23807.896220059487,2019
28,1,In,0.0,912-00,Bank (Drive-in),"RESTAURANTS, CAFETERIAS",Commercial/Retail,sq. ft.,54075.139019999995,35617.97253342579,31510.219999999998,-14970.252068501628,24274.250431498374,2019
29,1,In,0.0,931-00,Quality Restaurant,"RESTAURANTS, CAFETERIAS",Commercial/Retail,sq. ft.,224387.58576,2579643.8402360436,0.0,-12884.686608826472,-27900.65210882647,2019
30,1,In,0.0,932-00,High Turnover Rest.,DRIVE-IN RESTAURANTS,Commercial/Retail,sq. ft.,3433129.264691,1233491.8072000958,810567.81,-23699.60749630865,38428.89250369136,2019
31,1,In,0.0,932-01,High turnover Rest/Seats,"RESTAURANTS, CAFETERIAS",Commercial/Retail,seats,273540.0,125588.26377193436,58042.95,15317.846311780824,-53841.054188219176,2019
32,1,In,0.0,933-00,Fast Food Rest. w/o Drive-Thru,"RESTAURANTS, CAFETERIAS",Commercial/Retail,sq. ft.,64443.526249999995,47899.59966485551,104770.55,-7489.075968833535,-3065.1399688335296,2019
33,1,In,0.0,937-00,Coffee/Donut Shop,DRIVE-IN RESTAURANTS,Commercial/Retail,sq. ft.,31619.904799999997,69586.34394137819,0.0,-5719.50527577582,9274.172724224181,2019
34,1,In,0.0,944-00,Service Stations w/ Gasoline,SERVICE STATIONS,Commercial/Retail,fuel station,27854.519999999997,62418.16996170397,45285.14,-3088.8488436855605,655.5356563144405,2019
35,1,In,1.0,710-00,"General Office Building [1-50,000]","OFFICE, ONE STORY",Office,sq. ft.,-200843.27628,-285995.31203733914,2417808.9899999998,8847.853465288563,-1448040.8765347113,2019
36,1,In,1.0,820-07,"Shopping Center/General Retail [500,001-600,000]",REGIONAL SHOPPING CENTER,Commercial/Retail,sq. ft.,-7015829.55381,-7400619.244667091,0.0,5766.904490768438,-9351.030509231563,2019
37,2,In,0.0,130-00,Industrial Park,LIGHT MANUFACTURING,Industrial/Manufacturing,sq. ft.,-36536.19072,-33376.34476928996,0.0,14257.782669282944,41839.042029282944,2019
38,2,In,0.0,140-00,Manufacturing,HEAVY INDUSTRIAL,Industrial/Manufacturing,sq. ft.,-43469.823469999996,-84371.03735656703,0.0,1675.7378215863205,-23589.16686841368,2019
39,2,In,0.0,150-00,Warehousing,"WAREHOUSING, DISTRIBUTION TERMINALS",Industrial/Manufacturing,sq. ft.,-422288.52030000003,-279547.4987422714,653199.1799999999,18494.765254966085,-1363978.497745034,2019
40,2,In,0.0,210-00,Single Family Detached,SINGLE FAMILY RESIDENTIAL,Single-family,unit,-119927.36619999999,-226686.53791661726,261745.65000000002,-3811.0425373869502,-11183.39173738695,2019
41,2,In,0.0,220-00,Apartment (Rentals),MULTI-FAMILY 10 OR MORE,Multifamily,unit,664767.8496000001,1387671.0550229505,1264004.8900000001,-2543.870893705789,-7464.913984705789,2019
42,2,In,0.0,222-00,High-Rise Apart or Condo over 3 floors,MULTI-FAMILY 10 OR MORE,Multifamily,unit,3934716.9239999996,7989119.698489204,70350.71,-5979.974099105701,-50625.8073291057,2019
43,2,In,0.0,231-00,Duplex,MULTI-FAMILY LESS THAN 10,Multifamily,unit,216072.73799999998,339143.7684550077,496582.49000000005,-2376.2971115471573,-17288.263671547156,2019
44,2,In,0.0,240-00,Mobile Home,MOBILE HOME,Single-family,unit,-143692.54079999996,-275950.27406406763,0.0,2791.028211203972,-236191.41016879602,2019
45,2,In,0.0,254-00,Assisted Living Facility,HOMES FOR THE AGED,Other,bed,-204074.41999999998,-375354.0868459323,0.0,-28504.356389926506,-229602.6517299265,2019
46,2,In,0.0,30-00,Truck Terminals,SERVICE STATIONS,Commercial/Retail,sq. ft.,584442.69377,1086855.826092192,0.0,-38839.007035428775,-113971.91873542877,2019
47,2,In,0.0,310-00,Hotel,"HOTELS, MOTELS",Commercial/Retail,room,3554646.4799999995,6384634.160482008,170380.66999999998,-11550.821572874273,-97787.98466287428,2019
48,2,In,0.0,311-00,All Suites Hotel,"HOTELS, MOTELS",Commercial/Retail,room,10764.09,14745.266241921825,5833.32,-3312.2443229348337,-9719.683112934834,2019
49,2,In,0.0,320-00,Motel,"HOTELS, MOTELS",Commercial/Retail,room,-2527855.4147,-1781343.3249779893,0.0,8899.905219662465,26116.508939662464,2019
50,2,In,0.0,480-00,Amusement Park,TOURIST ATTRACTIONS,Other,acre,96902.75749999999,55515.56500715357,0.0,35913.47144055231,105387.02096055231,2019
51,2,In,0.0,492-00,Health/Fitness,OUTDOOR RECREATIONAL,Other,sq. ft.,261521.93862,212482.46688360223,72399.65000000001,-26329.820353888077,-77264.07997388807,2019
52,2,In,0.0,520-00,Elementary School (30 SF/St),PUBLIC COUNTY SCHOOLS,Other,student,16367.779999999999,296624.9151881167,0.0,-12526.000104499752,-64266.67725449975,2019
53,2,In,0.0,530-00,High School (25 SF/St),PUBLIC COUNTY SCHOOLS,Other,student,-5168.16,-17823.615727439283,0.0,4595.668942143087,-19153.965257856915,2019
54,2,In,0.0,540-00,Jr./Community College (25 SF/St),COLLEGES,Other,student,99033.12,93495.93980211926,1349.91,1490.7901690366598,4374.67970903666,2019
55,2,In,0.0,560-00,Church/Synagogue,"CHURCHES, TEMPLES",Other,sq. ft.,15854.238720000001,15324.801765304934,0.0,2118.4912928415697,-446.0198871584307,2019
56,2,In,0.0,565-00,Day Care Center,PRIVATE SCHOOLS & COLLEGES,Other,sq. ft.,53243.84611000001,594811.8332318742,78728.67,10172.120890231345,29849.788240231344,2019
57,2,In,0.0,630-00,Clinic,PROFESSIONAL BUILDING,Office,sq. ft.,324521.01749999996,283915.38505668077,0.0,-11293.015754168686,-95605.43110416867,2019
58,2,In,0.0,710-00,"General Office Building [1-50,000]","OFFICE, ONE STORY",Office,sq. ft.,107225.23327200001,191717.20103371964,3383326.36,-2432.341854744024,-20591.935314744023,2019
59,2,In,0.0,710-01,"General Office Building [50,001 -100,000]","OFFICE, ONE STORY",Office,sq. ft.,-11393.2999,-23118.64277056071,0.0,-5811.839869515097,-49202.3923995151,2019
60,2,In,0.0,710-02,"General Office Building [100,001-150,000]",PROFESSIONAL BUILDING,Office,sq. ft.,869650.3475,2037957.091491732,29088.05,8294.621993136305,24340.053193136304,2019
61,2,In,0.0,710-03,"General Office Building [150,001-200,000]",PROFESSIONAL BUILDING,Office,sq. ft.,171889.57071,437774.3335822597,0.0,-7016.801848247736,-40657.91772824773,2019
62,2,In,0.0,720-00,Medical Office Building,PROFESSIONAL BUILDING,Office,sq. ft.,177004.0965,125557.99828057285,74349.88,44510.7350469517,130615.4370269517,2019
63,2,In,0.0,820-00,"Shopping Center/General Retail [1-10,000]","STORES, ONE STORY",Commercial/Retail,sq. ft.,452669.2879785,787485.8077828385,2999634.35,-7280.212141273012,-61633.47745127301,2019
64,2,In,0.0,820-01,"Shopping Center/General Retail [10,001 -50,000]","STORES, ONE STORY",Commercial/Retail,sq. ft.,1797701.5155744,2233863.513274283,2071996.05,-4931.937401324287,-55104.86460132428,2019
65,2,In,0.0,820-02,"Shopping Center/General Retail [50,001 -100,000]","STORES, ONE STORY",Commercial/Retail,sq. ft.,-74211.35835,-72195.43804443553,0.0,-5038.422413398335,-48366.71172339834,2019
66,2,In,0.0,820-03,"Shopping Center/General Retail [100,001-200,000]",COMMUNITY SHOPPING CENTER,Commercial/Retail,sq. ft.,71438.6376,166339.66238713133,116142.91,-6277.011238049094,-53140.494038049095,2019
67,2,In,0.0,853-00,Convenience market with Gasoline,SERVICE STATIONS,Commercial/Retail,sq. ft.,61414.93890000001,131993.171134222,9276.58,-8709.353092793117,-73732.42935279311,2019
68,2,In,0.0,880-00,Pharmacy/Drugstore w/o Drive-Thru,"STORES, ONE STORY",Commercial/Retail,sq. ft.,121864.47075000001,205598.04936051875,68202.58,-4713.474992342901,-13831.5531161429,2019
69,2,In,0.0,890-00,Furniture Store (free standing),"WHOLESALE, PRODUCE, MFG",Commercial/Retail,sq. ft.,1308.9664999999998,4442.571731674411,0.0,-5077.653733636142,-43895.12487363614,2019
70,2,In,0.0,931-00,Quality Restaurant,"RESTAURANTS, CAFETERIAS",Commercial/Retail,sq. ft.,59020.44928,851973.128755301,0.0,-1885.4012058857993,-5532.6541387858,2019
71,2,In,0.0,932-00,High Turnover Rest.,DRIVE-IN RESTAURANTS,Commercial/Retail,sq. ft.,857709.6901799999,386944.6916708582,2280929.41,-7924.7266880369825,-23254.87634803698,2019
72,2,In,0.0,932-01,High turnover Rest/Seats,"RESTAURANTS, CAFETERIAS",Commercial/Retail,seats,505137.19999999995,291205.8059595269,406360.64,4315.445226158752,-109625.26347384125,2019
73,2,In,0.0,933-00,Fast Food Rest. w/o Drive-Thru,"RESTAURANTS, CAFETERIAS",Commercial/Retail,sq. ft.,-67199.1736905,-62716.09123918682,0.0,-11623.679739030194,-34109.344799030194,2019
74,2,In,0.0,934-00,Fast Food Rest. w/ Drive-Thru,DRIVE-IN RESTAURANTS,Commercial/Retail,sq. ft.,1141.9363800000028,2092.1808160828805,42578.39,7538.017959978599,22120.091009978598,2019
75,2,In,0.0,937-00,Coffee/Donut Shop,DRIVE-IN RESTAURANTS,Commercial/Retail,sq. ft.,30977.361279999994,85599.32601450062,6757.52,-5313.041655062983,-15590.963775062983,2019
76,2,In,0.0,944-00,Service Stations w/ Gasoline,SERVICE STATIONS,Commercial/Retail,fuel station,-55709.04,-156748.53487061485,0.0,-106995.01923713862,-313974.1030271386,2019
77,2,In,1.0,210-00,Single Family Detached,SINGLE FAMILY RESIDENTIAL,Single-family,unit,26418.144,49935.53841210477,76377.18,14011.185799216728,-63836.59920078327,2019
78,2,In,1.0,220-00,Apartment (Rentals),MULTI-FAMILY 10 OR MORE,Multifamily,unit,69560.64,145204.50523435127,89457.92000000001,-7123.286860321785,-42986.254850321784,2019
79,2,In,1.0,222-00,High-Rise Apart or Condo over 3 floors,MULTI-FAMILY 10 OR MORE,Multifamily,unit,1021671.8999999999,2074420.9200658859,4761.97,4483.579455749354,-943.9485442506466,2019
80,2,In,1.0,231-00,Duplex,MULTI-FAMILY LESS THAN 10,Multifamily,unit,31398.899999999994,49283.13201335904,32611.510000000002,-80972.36192485457,-205087.18192485458,2019
81,2,In,1.0,710-00,"General Office Building [1-50,000]","OFFICE, ONE STORY",Office,sq. ft.,-3165.9228599999997,-5660.625310724936,14927.3,-80972.36192485457,-318653.0019248546,2019
82,2,In,1.0,720-00,Medical Office Building,PROFESSIONAL BUILDING,Office,sq. ft.,13854.6555,9827.811027226306,0.0,80972.36192485457,91396.27192485458,2019
83,2,In,1.0,820-00,"Shopping Center/General Retail [1-10,000]","STORES, ONE STORY",Commercial/Retail,sq. ft.,111430.88982,193850.66893698994,928448.91,-40486.18096242729,-68340.70096242729,2019
84,2,Out,0.0,140-00,Manufacturing,HEAVY INDUSTRIAL,Industrial/Manufacturing,sq. ft.,-23747.177219999998,-40190.50286389375,722.5799999999999,-1767.5127126553098,-35551.83271265531,2019
85,2,Out,0.0,150-00,Warehousing,"WAREHOUSING, DISTRIBUTION TERMINALS",Industrial/Manufacturing,sq. ft.,252494.11971399997,145748.31350095608,1214653.46,1767.5127126553098,942.4427126553092,2019
86,2,Out,0.0,151-00,Mini-Warehouse,"WAREHOUSING, DISTRIBUTION TERMINALS",Industrial/Manufacturing,sq. ft.,94841.13695999999,98392.7830255459,0.0,1767.5127126553098,4589.012712655309,2019
87,2,Out,0.0,210-00,Single Family Detached,SINGLE FAMILY RESIDENTIAL,Single-family,unit,86354.3082,142045.09114493357,465554.17000000004,1767.5127126553098,4524.0427126553095,2019
88,2,Out,0.0,220-00,Apartment (Rentals),MULTI-FAMILY 10 OR MORE,Multifamily,unit,1791109.1904,3253669.013088671,1796908.63,1767.5127126553098,4524.0427126553095,2019
89,2,Out,0.0,222-00,High-Rise Apart or Condo over 3 floors,MULTI-FAMILY 10 OR MORE,Multifamily,unit,1956392.9999999998,3456816.464064834,145289.00999999998,1767.5127126553098,4524.0427126553095,2019
90,2,Out,0.0,230-00,"Condominium,Townhouse",CONDOMINIUM,Single-family,unit,-13479.119999999999,-22479.616567534948,0.0,1767.5127126553098,-94.5872873446906,2019
91,2,Out,0.0,231-00,Duplex,MULTI-FAMILY LESS THAN 10,Multifamily,unit,234284.09999999998,320008.4665637825,396796.73,1767.5127126553098,4589.012712655309,2019
92,2,Out,0.0,240-00,Mobile Home,MOBILE HOME,Single-family,unit,-17215.559999999998,-28770.840316810936,0.0,1767.5127126553098,4589.012712655309,2019
93,2,Out,0.0,310-00,Hotel,"HOTELS, MOTELS",Commercial/Retail,room,241079.91999999998,376821.28590937844,278520.28,1767.5127126553098,4589.012712655309,2019
94,2,Out,0.0,311-00,All Suites Hotel,"HOTELS, MOTELS",Commercial/Retail,room,215281.8,256635.89562595356,0.0,1767.5127126553098,4589.012712655309,2019
95,2,Out,0.0,320-00,Motel,"HOTELS, MOTELS",Commercial/Retail,room,20955.88,12850.975341508885,0.0,1767.5127126553098,115.06271265530904,2019
96,2,Out,0.0,492-00,Health/Fitness,OUTDOOR RECREATIONAL,Other,sq. ft.,15270.65568,10818.78754098431,0.0,1767.5127126553098,4589.012712655309,2019
97,2,Out,0.0,520-00,Elementary School (30 SF/St),PUBLIC COUNTY SCHOOLS,Other,student,83212.42,1314958.1614734537,20712.32,1767.5127126553098,4589.012712655309,2019
98,2,Out,0.0,530-00,High School (25 SF/St),PUBLIC COUNTY SCHOOLS,Other,student,136956.24,411858.1067165313,0.0,1767.5127126553098,4524.0427126553095,2019
99,2,Out,0.0,560-00,Church/Synagogue,"CHURCHES, TEMPLES",Other,sq. ft.,226318.56961,190754.8532922545,14526.58,1767.5127126553098,115.06271265530904,2019
100,2,Out,0.0,565-00,Day Care Center,PRIVATE SCHOOLS & COLLEGES,Other,sq. ft.,69678.74914000001,678760.3430271938,203533.98000000004,1767.5127126553098,4589.012712655309,2019
101,2,Out,0.0,610-00,Hospital,HOSPITALS,Other,sq. ft.,1266126.0717000002,1262714.1577801786,1128170.62,1767.5127126553098,4589.012712655309,2019
102,2,Out,0.0,630-00,Clinic,PROFESSIONAL BUILDING,Office,sq. ft.,52623.039319999996,40144.67629726996,0.0,1767.5127126553098,4589.012712655309,2019
103,2,Out,0.0,710-00,"General Office Building [1-50,000]","OFFICE, ONE STORY",Office,sq. ft.,-278387.75852399995,-434030.39981786656,1427582.68,1767.5127126553098,4589.012712655309,2019
104,2,Out,0.0,710-01,"General Office Building [50,001 -100,000]","OFFICE, ONE STORY",Office,sq. ft.,553640.6627836,979595.3601867801,60981.72,1767.5127126553098,-94.5872873446906,2019
105,2,Out,0.0,710-02,"General Office Building [100,001-150,000]",PROFESSIONAL BUILDING,Office,sq. ft.,669247.6976,1367549.8973690914,0.0,1767.5127126553098,4589.012712655309,2019
106,2,Out,0.0,710-03,"General Office Building [150,001-200,000]",PROFESSIONAL BUILDING,Office,sq. ft.,-979819.8493199999,-2175970.164634671,0.0,1767.5127126553098,4589.012712655309,2019
107,2,Out,0.0,710-04,"General Office Building [200,001-300,000]","OFFICE, MULTI-STORY",Office,sq. ft.,1422282.5004299998,3338715.1042574467,0.0,1767.5127126553098,4589.012712655309,2019
108,2,Out,0.0,720-00,Medical Office Building,PROFESSIONAL BUILDING,Office,sq. ft.,99405.6,61486.228005906174,1531052.13,1767.5127126553098,4524.0427126553095,2019
109,2,Out,0.0,820-00,"Shopping Center/General Retail [1-10,000]","STORES, ONE STORY",Commercial/Retail,sq. ft.,-312721.2841177,-474378.5908712684,2629129.56,1767.5127126553098,4589.012712655309,2019
110,2,Out,0.0,820-01,"Shopping Center/General Retail [10,001 -50,000]","STORES, ONE STORY",Commercial/Retail,sq. ft.,180454.9581792,195530.1816819094,53083.619999999995,-583.2791951762524,-7509.467195176252,2019
111,2,Out,0.0,820-02,"Shopping Center/General Retail [50,001 -100,000]","STORES, ONE STORY",Commercial/Retail,sq. ft.,-827007.0552099999,-701543.3688654547,5571.4,-600.9543223028054,-6979.058322302806,2019
112,2,Out,0.0,820-03,"Shopping Center/General Retail [100,001-200,000]",COMMUNITY SHOPPING CENTER,Commercial/Retail,sq. ft.,-229117.25144,-465185.7229850813,0.0,-583.2791951762524,-7340.407195176253,2019
113,2,Out,0.0,820-04,"Shopping Center/General Retail [200,001-300,000]",COMMUNITY SHOPPING CENTER,Commercial/Retail,sq. ft.,1050081.00004,1951945.8981413657,482017.35,1767.5127126553098,4589.012712655309,2019
114,2,Out,0.0,853-00,Convenience market with Gasoline,SERVICE STATIONS,Commercial/Retail,sq. ft.,239266.73295,448400.0918325018,352201.58,1767.5127126553098,4589.012712655309,2019
115,2,Out,0.0,911-00,Bank (Walk-in),"RESTAURANTS, CAFETERIAS",Commercial/Retail,sq. ft.,62163.27546999999,8563.575948649757,6741.5599999999995,1767.5127126553098,4524.0427126553095,2019
116,2,Out,0.0,912-00,Bank (Drive-in),"RESTAURANTS, CAFETERIAS",Commercial/Retail,sq. ft.,-55804.90335399999,-40245.03486252964,10001.7,1767.5127126553098,4589.012712655309,2019
117,2,Out,0.0,931-00,Quality Restaurant,"RESTAURANTS, CAFETERIAS",Commercial/Retail,sq. ft.,69066.4832,869354.0133549251,0.0,1767.5127126553098,115.06271265530904,2019
118,2,Out,0.0,932-00,High Turnover Rest.,DRIVE-IN RESTAURANTS,Commercial/Retail,sq. ft.,854363.364974,336091.1901108393,57096.67,1767.5127126553098,4589.012712655309,2019
119,2,Out,0.0,932-01,High turnover Rest/Seats,"RESTAURANTS, CAFETERIAS",Commercial/Retail,seats,605435.2,304343.67372184916,291924.72000000003,1767.5127126553098,4589.012712655309,2019
120,2,Out,0.0,934-00,Fast Food Rest. w/ Drive-Thru,DRIVE-IN RESTAURANTS,Commercial/Retail,sq. ft.,54666.54414,87334.30348785293,0.0,1767.5127126553098,4589.012712655309,2019
121,2,Out,0.0,937-00,Coffee/Donut Shop,DRIVE-IN RESTAURANTS,Commercial/Retail,sq. ft.,55766.01392,134369.73530232545,0.0,1767.5127126553098,4589.012712655309,2019
122,2,Out,0.0,944-00,Service Stations w/ Gasoline,SERVICE STATIONS,Commercial/Retail,fuel station,-83563.56,-205022.10288728186,295662.51,1767.5127126553098,4589.012712655309,2019
123,2,Out,1.0,210-00,Single Family Detached,SINGLE FAMILY RESIDENTIAL,Single-family,unit,11007.56,18106.44883937968,15372.48,1767.5127126553098,115.06271265530904,2019
124,2,Out,1.0,220-00,Apartment (Rentals),MULTI-FAMILY 10 OR MORE,Multifamily,unit,370990.08,673928.1635809796,518102.16000000003,1767.5127126553098,-4358.887287344691,2019
125,2,Out,1.0,231-00,Duplex,MULTI-FAMILY LESS THAN 10,Multifamily,unit,9661.199999999999,13196.225425310618,18824.12,1767.5127126553098,4589.012712655309,2019
126,3,In,0.0,140-00,Manufacturing,HEAVY INDUSTRIAL,Industrial/Manufacturing,sq. ft.,-48881.050919999994,-94373.01262276206,351322.38,1767.5127126553098,4589.012712655309,2019
127,3,In,0.0,150-00,Warehousing,"WAREHOUSING, DISTRIBUTION TERMINALS",Industrial/Manufacturing,sq. ft.,1406045.1793384,876471.4137229122,2591778.1,1767.5127126553098,4589.012712655309,2019
128,3,In,0.0,151-00,Mini-Warehouse,"WAREHOUSING, DISTRIBUTION TERMINALS",Industrial/Manufacturing,sq. ft.,639666.05962,715669.1631600724,730875.3999999999,1767.5127126553098,4524.0427126553095,2019
129,3,In,0.0,210-00,Single Family Detached,SINGLE FAMILY RESIDENTIAL,Single-family,unit,191122.6599,334504.1783963942,1448858.06,1767.5127126553098,4589.012712655309,2019
130,3,In,0.0,220-00,Apartment (Rentals),MULTI-FAMILY 10 OR MORE,Multifamily,unit,285329.76800000004,548617.3609588338,694151.6200000001,1767.5127126553098,4589.012712655309,2019
131,3,In,0.0,222-00,High-Rise Apart or Condo over 3 floors,MULTI-FAMILY 10 OR MORE,Multifamily,unit,1620613.92,3166243.189388603,2501661.1500000004,1767.5127126553098,4589.012712655309,2019
132,3,In,0.0,230-00,"Condominium,Townhouse",CONDOMINIUM,Single-family,unit,269683.27999999997,483049.48849894083,436359.47,1767.5127126553098,4652.71271265531,2019
133,3,In,0.0,231-00,Duplex,MULTI-FAMILY LESS THAN 10,Multifamily,unit,-4551.239999999999,-7462.233880170453,1065242.72,1767.5127126553098,4589.012712655309,2019
134,3,In,0.0,310-00,Hotel,"HOTELS, MOTELS",Commercial/Retail,room,1742483.75,2946931.6064568483,1190721.74,-2651.2690689829633,-68854.89906898297,2019
135,3,In,0.0,311-00,All Suites Hotel,"HOTELS, MOTELS",Commercial/Retail,room,654327.08,851388.8236306101,678788.11,-1767.5127126553098,-39620.492712655316,2019
136,3,In,0.0,490-00,Tennis Courts,OUTDOOR RECREATIONAL,Other,court,39059.96,29161.824444674177,0.0,-1767.5127126553098,-20772.18271265531,2019
137,3,In,0.0,492-00,Health/Fitness,OUTDOOR RECREATIONAL,Other,sq. ft.,0.0,0.0,0.0,-1767.5127126553098,-21230.58271265531,2019
138,3,In,0.0,520-00,Elementary School (30 SF/St),PUBLIC COUNTY SCHOOLS,Other,student,-24250.0,-412670.43662581325,0.0,1767.5127126553098,-4713.227287344691,2019
139,3,In,0.0,530-00,High School (25 SF/St),PUBLIC COUNTY SCHOOLS,Other,student,0.0,0.0,0.0,-1767.5127126553098,-6598.112712655309,2019
140,3,In,0.0,540-00,Jr./Community College (25 SF/St),COLLEGES,Other,student,29100.0,25834.021869031698,0.0,1767.5127126553098,6598.112712655309,2019
141,3,In,0.0,560-00,Church/Synagogue,"CHURCHES, TEMPLES",Other,sq. ft.,-90185.32319999998,-81975.7633099032,0.0,1767.5127126553098,-4358.887287344691,2019
142,3,In,0.0,565-00,Day Care Center,PRIVATE SCHOOLS & COLLEGES,Other,sq. ft.,136485.01594,1516690.3631982666,0.0,1767.5127126553098,-4358.887287344691,2019
143,3,In,0.0,630-00,Clinic,PROFESSIONAL BUILDING,Office,sq. ft.,78702.70764,67347.42009402027,88726.15,-2651.2690689829633,-9897.169068982963,2019
144,3,In,0.0,710-00,"General Office Building [1-50,000]","OFFICE, ONE STORY",Office,sq. ft.,1534384.9519796,2616321.3789694067,4049367.97,2651.2690689829633,9897.169068982963,2019
145,3,In,0.0,710-01,"General Office Building [50,001 -100,000]","OFFICE, ONE STORY",Office,sq. ft.,155235.94044,296270.615271191,0.0,0.0,0.0,2019
146,3,In,0.0,710-02,"General Office Building [100,001-150,000]",PROFESSIONAL BUILDING,Office,sq. ft.,824867.2226,1818135.1944363932,0.0,0.0,0.0,2019
147,3,In,0.0,720-00,Medical Office Building,PROFESSIONAL BUILDING,Office,sq. ft.,875184.0907999999,583896.9330935304,1564518.58,1767.5127126553098,-3664.0872873446897,2019
148,3,In,0.0,820-00,"Shopping Center/General Retail [1-10,000]","STORES, ONE STORY",Commercial/Retail,sq. ft.,158043.06611999997,276014.6788818019,613070.44,1767.5127126553098,-2813.9472873446903,2019
149,3,In,0.0,820-01,"Shopping Center/General Retail [10,001 -50,000]","STORES, ONE STORY",Commercial/Retail,sq. ft.,446004.24624,531607.6547983134,55726.92,1767.5127126553098,-4713.227287344691,2019
150,3,In,0.0,820-02,"Shopping Center/General Retail [50,001 -100,000]","STORES, ONE STORY",Commercial/Retail,sq. ft.,0.0,0.0,0.0,1767.5127126553098,6598.112712655309,2019
151,3,In,0.0,820-04,"Shopping Center/General Retail [200,001-300,000]",COMMUNITY SHOPPING CENTER,Commercial/Retail,sq. ft.,579413.01,1161729.6741991958,0.0,-1767.5127126553098,-6598.112712655309,2019
152,3,In,0.0,820-05,"Shopping Center/General Retail [300,001-400,000]",COMMUNITY SHOPPING CENTER,Commercial/Retail,sq. ft.,-799453.6905668,-1045462.2560883359,0.0,-1767.5127126553098,-12076.602712655309,2019
153,3,In,0.0,820-10,"Shopping Center/General Retail [1,000,001-1,200,000]",REGIONAL SHOPPING CENTER,Commercial/Retail,sq. ft.,52885.47475999999,63478.73500788435,85979.8,2651.2690689829633,9897.169068982963,2019
154,3,In,0.0,820-11,"Shopping Center/General Retail [1,200,001-more]",REGIONAL SHOPPING CENTER,Commercial/Retail,sq. ft.,15574.254040000002,19006.019344589884,24517.42,883.7563563276549,-2356.6136436723455,2019
155,3,In,0.0,853-00,Convenience market with Gasoline,SERVICE STATIONS,Commercial/Retail,sq. ft.,104339.17520000001,210910.91547884195,89519.92,1767.5127126553098,6598.112712655309,2019
156,3,In,0.0,932-00,High Turnover Rest.,DRIVE-IN RESTAURANTS,Commercial/Retail,sq. ft.,272458.46551999997,116169.76423521522,0.0,-1767.5127126553098,-6598.112712655309,2019
157,3,In,0.0,932-01,High turnover Rest/Seats,"RESTAURANTS, CAFETERIAS",Commercial/Retail,seats,300161.65,162611.938124896,417384.59,-1767.5127126553098,-6598.112712655309,2019
158,3,In,0.0,933-00,Fast Food Rest. w/o Drive-Thru,"RESTAURANTS, CAFETERIAS",Commercial/Retail,sq. ft.,111240.25475000001,97645.26129658872,0.0,1767.5127126553098,6598.112712655309,2019
159,3,In,0.0,934-00,Fast Food Rest. w/ Drive-Thru,DRIVE-IN RESTAURANTS,Commercial/Retail,sq. ft.,111667.9035,192425.2693682874,181546.59,1767.5127126553098,-4358.887287344691,2019
160,3,In,1.0,140-00,Manufacturing,HEAVY INDUSTRIAL,Industrial/Manufacturing,sq. ft.,25400.5461,49039.986101026116,35473.0,1767.5127126553098,-4713.227287344691,2019
161,3,In,1.0,210-00,Single Family Detached,SINGLE FAMILY RESIDENTIAL,Single-family,unit,15186.805000000002,25597.197612212593,414861.05000000005,1767.5127126553098,6598.112712655309,2019
162,3,In,1.0,230-00,"Condominium,Townhouse",CONDOMINIUM,Single-family,unit,10691.34,19067.742967063452,14930.880000000001,-1767.5127126553098,-6598.112712655309,2019
163,3,In,1.0,231-00,Duplex,MULTI-FAMILY LESS THAN 10,Multifamily,unit,30380.4,44773.403281022715,23102.190000000002,1767.5127126553098,-4358.887287344691,2019
164,3,In,1.0,254-00,Assisted Living Facility,HOMES FOR THE AGED,Other,bed,261713.75999999998,473765.08122942643,0.0,1767.5127126553098,-2813.9472873446903,2019
165,3,In,1.0,630-00,Clinic,PROFESSIONAL BUILDING,Office,sq. ft.,18762.37826,16328.10399138869,0.0,608604.9091192159,996916.434979216,2019
166,3,In,1.0,710-00,"General Office Building [1-50,000]","OFFICE, ONE STORY",Office,sq. ft.,-119233.09064,-209502.15168335207,156272.52,287875.91523954057,471550.96535954054,2019
167,3,In,1.0,720-00,Medical Office Building,PROFESSIONAL BUILDING,Office,sq. ft.,98881.00459999999,67131.05036867908,0.0,-29291.592900205207,-73588.9239002052,2019
168,3,In,1.0,820-00,"Shopping Center/General Retail [1-10,000]","STORES, ONE STORY",Commercial/Retail,sq. ft.,90592.56218,154554.71211448367,77893.86,34675.66664281436,75050.07170281436,2019
169,3,In,1.0,932-00,High Turnover Rest.,DRIVE-IN RESTAURANTS,Commercial/Retail,sq. ft.,50458.08565,22643.372878660666,0.0,-29282.293981824187,-63376.95784182419,2019
170,3,In,1.0,932-01,High turnover Rest/Seats,"RESTAURANTS, CAFETERIAS",Commercial/Retail,seats,43916.74999999999,24051.926539373682,0.0,29282.293981824187,63376.95784182419,2019
171,3,Out,0.0,140-00,Manufacturing,HEAVY INDUSTRIAL,Industrial/Manufacturing,sq. ft.,-46304.66204999999,-77946.9451472624,129016.64,29270.051962816367,-40494.48803718363,2019
172,3,Out,0.0,150-00,Warehousing,"WAREHOUSING, DISTRIBUTION TERMINALS",Industrial/Manufacturing,sq. ft.,12729579.822087,7692433.96488724,20016179.13,2989.204056702622,-143372.6317232974,2019
173,3,Out,0.0,151-00,Mini-Warehouse,"WAREHOUSING, DISTRIBUTION TERMINALS",Industrial/Manufacturing,sq. ft.,418233.10549999995,452303.6210821074,696970.73,40095.946556913535,-54746.46006908646,2019
174,3,Out,0.0,210-00,Single Family Detached,SINGLE FAMILY RESIDENTIAL,Single-family,unit,1920050.4465,3290712.593504067,3511860.28,-3402.6435406774026,-8439.207340677403,2019
175,3,Out,0.0,220-00,Apartment (Rentals),MULTI-FAMILY 10 OR MORE,Multifamily,unit,3215443.3,6061679.08706703,4833002.95,1989.143947973062,-2715.932232026938,2019
176,3,Out,0.0,222-00,High-Rise Apart or Condo over 3 floors,MULTI-FAMILY 10 OR MORE,Multifamily,unit,1674373.26,3093553.480000422,2459060.25,1667.173376382082,-2276.320883617918,2019
177,3,Out,0.0,230-00,"Condominium,Townhouse",CONDOMINIUM,Single-family,unit,2987101.42,5186468.918368407,4834959.6899999995,1758.6422887658832,-60363.35047123412,2019
178,3,Out,0.0,231-00,Duplex,MULTI-FAMILY LESS THAN 10,Multifamily,unit,73167.64319999999,108285.2900379026,146053.43,-5118.6003369975115,-3747.208676997512,2019
179,3,Out,0.0,310-00,Hotel,"HOTELS, MOTELS",Commercial/Retail,room,1410573.9999999998,2425220.1839767336,1359274.23,-5118.6003369975115,-3747.208676997512,2019
180,3,Out,0.0,311-00,All Suites Hotel,"HOTELS, MOTELS",Commercial/Retail,room,229841.49999999997,301111.2872180595,6170.8,-8191.95579309323,-19318.798533093228,2019
181,3,Out,0.0,491-00,Racquet Club,OUTDOOR RECREATIONAL,Other,court,0.0,0.0,0.0,2114.7612543134824,-81537.69726568651,2019
182,3,Out,0.0,492-00,Health/Fitness,OUTDOOR RECREATIONAL,Other,sq. ft.,0.0,0.0,0.0,35483.840077422596,-94193.5540225774,2019
183,3,Out,0.0,520-00,Elementary School (30 SF/St),PUBLIC COUNTY SCHOOLS,Other,student,4001.25,65817.28491261016,0.0,-129471.19651552438,176777.0482844756,2019
184,3,Out,0.0,530-00,High School (25 SF/St),PUBLIC COUNTY SCHOOLS,Other,student,679465.6,2131490.186479647,0.0,129471.19651552438,-176777.0482844756,2019
185,3,Out,0.0,540-00,Jr./Community College (25 SF/St),COLLEGES,Other,student,117127.5,100510.29988046616,0.0,-259479.01065036713,354286.7821496329,2019
186,3,Out,0.0,550-00,University (20 SF/St),COLLEGES,Other,student,364139.94,226111.5317645789,536824.86,259479.01065036713,-354286.7821496329,2019
187,3,Out,0.0,560-00,Church/Synagogue,"CHURCHES, TEMPLES",Other,sq. ft.,56880.807759999996,49976.7510485011,56025.58,117738.78402042887,-160757.87717957117,2019
188,3,Out,0.0,565-00,Day Care Center,PRIVATE SCHOOLS & COLLEGES,Other,sq. ft.,-16028.279999999999,-162816.5770149868,69446.51000000001,-117738.78402042887,160757.87717957117,2019
189,3,Out,0.0,610-00,Hospital,HOSPITALS,Other,sq. ft.,2553521.25968,2655148.0810520593,0.0,-1764.740216258137,-4376.8935562581355,2019
190,3,Out,0.0,620-00,Nursing Home,"SANITARIUM, CONVALESCENT & REST HOME",Other,bed,23481.76,51666.09378421347,0.0,-168632.0868707758,-439215.4162707758,2019
191,3,Out,0.0,630-00,Clinic,PROFESSIONAL BUILDING,Office,sq. ft.,1154632.33558,919578.0552407063,0.0,-2580.642914721643,-6400.488434721644,2019
192,3,Out,0.0,710-00,"General Office Building [1-50,000]","OFFICE, ONE STORY",Office,sq. ft.,591895.093869,958670.8017678156,2029595.5,-6373.553814903264,-15807.633534903262,2019
193,3,Out,0.0,710-01,"General Office Building [50,001 -100,000]","OFFICE, ONE STORY",Office,sq. ft.,-1064098.9451169001,-1963048.2585012154,2035577.54,-8613.932375557168,-22435.661235557167,2019
194,3,Out,0.0,710-02,"General Office Building [100,001-150,000]",PROFESSIONAL BUILDING,Office,sq. ft.,-4746.80752,-10695.631118078862,0.0,95.12766887915319,-129.88517112084682,2019
195,3,Out,0.0,720-00,Medical Office Building,PROFESSIONAL BUILDING,Office,sq. ft.,159546.2402,107010.17609692352,40292.53,1014.6951347109675,-1385.4418252890327,2019
196,3,Out,0.0,820-00,"Shopping Center/General Retail [1-10,000]","STORES, ONE STORY",Commercial/Retail,sq. ft.,249160.19556999998,406745.76049370493,1835586.53,-13184.938823750323,-32701.172243750327,2019
197,3,Out,0.0,820-01,"Shopping Center/General Retail [10,001 -50,000]","STORES, ONE STORY",Commercial/Retail,sq. ft.,958443.3026299999,1082784.8377118863,1081424.5,14554.533338510439,-19872.431181489563,2019
198,3,Out,0.0,820-02,"Shopping Center/General Retail [50,001 -100,000]","STORES, ONE STORY",Commercial/Retail,sq. ft.,774156.256592,714523.8269859644,311884.5,-6273.547804030308,8565.760515969692,2019
199,3,Out,0.0,820-03,"Shopping Center/General Retail [100,001-200,000]",COMMUNITY SHOPPING CENTER,Commercial/Retail,sq. ft.,1874703.51783,3968566.3249716237,0.0,-373.1931625259087,-972.0104825259086,2019
200,3,Out,0.0,820-04,"Shopping Center/General Retail [200,001-300,000]",COMMUNITY SHOPPING CENTER,Commercial/Retail,sq. ft.,47461.699389999936,88570.47113479782,126871.45,-8150.489886145906,-19221.015146145903,2019
201,3,Out,0.0,820-05,"Shopping Center/General Retail [300,001-400,000]",COMMUNITY SHOPPING CENTER,Commercial/Retail,sq. ft.,210313.39403999998,265848.76050861395,223143.0,75734.52089524489,17695.6108952449,2019
202,3,Out,0.0,851-00,Convenience market,"STORES, ONE STORY",Commercial/Retail,sq. ft.,-83838.846,-229219.27497197542,0.0,56800.89067143366,126361.53067143366,2019
203,3,Out,0.0,853-00,Convenience market with Gasoline,SERVICE STATIONS,Commercial/Retail,sq. ft.,1579999.8424415002,3161209.9651472126,1176725.1,47334.07555952805,11059.755559528057,2019
204,3,Out,0.0,911-00,Bank (Walk-in),"RESTAURANTS, CAFETERIAS",Commercial/Retail,sq. ft.,9366.48587,1345.372881047268,15227.77,56800.89067143366,13271.71067143367,2019
205,3,Out,0.0,912-00,Bank (Drive-in),"RESTAURANTS, CAFETERIAS",Commercial/Retail,sq. ft.,-55390.104,-41648.18029293099,277503.64,56800.89067143366,13271.71067143367,2019
206,3,Out,0.0,932-00,High Turnover Rest.,DRIVE-IN RESTAURANTS,Commercial/Retail,sq. ft.,-187435.2465324,-78531.32289498414,19843.43,75734.52089524489,17695.6108952449,2019
207,3,Out,0.0,932-01,High turnover Rest/Seats,"RESTAURANTS, CAFETERIAS",Commercial/Retail,seats,100807.25,53068.15601822616,0.0,75734.52089524489,168482.0408952449,2019
208,3,Out,0.0,934-00,Fast Food Rest. w/ Drive-Thru,DRIVE-IN RESTAURANTS,Commercial/Retail,sq. ft.,13006.245000000003,21663.984304093596,0.0,75734.52089524489,17695.6108952449,2019
209,3,Out,0.0,937-00,Coffee/Donut Shop,DRIVE-IN RESTAURANTS,Commercial/Retail,sq. ft.,50454.79832,126871.47869337024,10939.89,56800.89067143366,13271.71067143367,2019
210,3,Out,0.0,944-00,Service Stations w/ Gasoline,SERVICE STATIONS,Commercial/Retail,fuel station,-81017.31,-207233.81484041142,11974.160000000002,44178.470522226184,10322.440522226185,2019
211,3,Out,1.0,210-00,Single Family Detached,SINGLE FAMILY RESIDENTIAL,Single-family,unit,5820.97,9958.276875485148,298.58,47334.07555952805,11059.755559528057,2019
212,3,Out,1.0,231-00,Duplex,MULTI-FAMILY LESS THAN 10,Multifamily,unit,5109.96,7257.727214336635,9953.92,91512.54608175425,203582.46608175425,2019
213,3,Out,1.0,710-00,"General Office Building [1-50,000]","OFFICE, ONE STORY",Office,sq. ft.,-37682.55418,-61257.98426996512,117426.25,-6311.21007460374,-14040.17007460374,2019
214,3,Out,1.0,720-00,Medical Office Building,PROFESSIONAL BUILDING,Office,sq. ft.,3832.9549999999995,2471.855968447943,0.0,110446.17630556546,245702.97630556545,2019
215,3,Out,1.0,820-00,"Shopping Center/General Retail [1-10,000]","STORES, ONE STORY",Commercial/Retail,sq. ft.,66080.69030999999,104510.9375239744,11689.64,12622.42014920748,11897.17014920748,2019
216,3,Out,1.0,820-01,"Shopping Center/General Retail [10,001 -50,000]","STORES, ONE STORY",Commercial/Retail,sq. ft.,-164300.15975999998,-185615.27983303802,0.0,53645.2856341318,21482.285634131797,2019
217,3,Out,1.0,944-00,Service Stations w/ Gasoline,SERVICE STATIONS,Commercial/Retail,fuel station,-44191.26,-113036.62627658804,147660.98,-50489.68059682992,-136884.71059682991,2019
218,4,In,0.0,150-00,Warehousing,"WAREHOUSING, DISTRIBUTION TERMINALS",Industrial/Manufacturing,sq. ft.,66787.75532,39026.061763765625,152740.46,160935.85690239535,37603.166902395315,2019
219,4,In,0.0,210-00,Single Family Detached,SINGLE FAMILY RESIDENTIAL,Single-family,unit,524935.0746,861223.4055661447,904955.44,82045.73096984862,182522.21096984862,2019
220,4,In,0.0,220-00,Apartment (Rentals),MULTI-FAMILY 10 OR MORE,Multifamily,unit,155164.5368,281106.49731507926,308420.57,-76176.30560046714,-169464.85280046714,2019
221,4,In,0.0,222-00,High-Rise Apart or Condo over 3 floors,MULTI-FAMILY 10 OR MORE,Multifamily,unit,-35028.775799999996,-61720.73151471036,0.0,6311.21007460374,1474.6300746037414,2019
222,4,In,0.0,230-00,"Condominium,Townhouse",CONDOMINIUM,Single-family,unit,210263.02,349770.539242183,343151.58999999997,6311.21007460374,1474.6300746037414,2019
223,4,In,0.0,231-00,Duplex,MULTI-FAMILY LESS THAN 10,Multifamily,unit,51099.6,69602.0509627529,74887.65,-47334.07555952805,-107888.30555952805,2019
224,4,In,0.0,254-00,Assisted Living Facility,HOMES FOR THE AGED,Other,bed,37882.38,60497.13150541603,0.0,-47334.07555952805,-107888.30555952805,2019
225,4,In,0.0,492-00,Health/Fitness,OUTDOOR RECREATIONAL,Other,sq. ft.,0.0,0.0,0.0,113601.78134286733,252723.06134286732,2019
226,4,In,0.0,560-00,Church/Synagogue,"CHURCHES, TEMPLES",Other,sq. ft.,-19671.173199999997,-16784.460726805133,2663.62,113601.78134286733,252723.06134286732,2019
227,4,In,0.0,565-00,Day Care Center,PRIVATE SCHOOLS & COLLEGES,Other,sq. ft.,6198.5909999999985,61147.61837126029,0.0,113601.78134286733,250136.03134286733,2019
228,4,In,0.0,630-00,Clinic,PROFESSIONAL BUILDING,Office,sq. ft.,13144.761,10152.96462983775,0.0,-47334.07555952805,-105301.27555952805,2019
229,4,In,0.0,710-00,"General Office Building [1-50,000]","OFFICE, ONE STORY",Office,sq. ft.,26528.594019999997,41880.462478547895,23868.89,-47334.07555952805,-107888.30555952805,2019
230,4,In,0.0,820-00,"Shopping Center/General Retail [1-10,000]","STORES, ONE STORY",Commercial/Retail,sq. ft.,187409.1032088,287841.0435397787,564778.4299999999,-44178.470522226184,-100252.26052222619,2019
231,4,In,0.0,820-02,"Shopping Center/General Retail [50,001 -100,000]","STORES, ONE STORY",Commercial/Retail,sq. ft.,30874.43264,26516.200284519105,51817.94,94668.1511190561,208631.4811190561,2019
232,4,In,0.0,851-00,Convenience market,"STORES, ONE STORY",Commercial/Retail,sq. ft.,23732.84256,63013.04496555561,0.0,94668.1511190561,210602.5511190561,2019
233,4,In,0.0,853-00,Convenience market with Gasoline,SERVICE STATIONS,Commercial/Retail,sq. ft.,168553.58260000002,319828.50798493775,252930.09,113601.78134286733,252723.06134286732,2019
234,4,In,0.0,890-00,Furniture Store (free standing),"WHOLESALE, PRODUCE, MFG",Commercial/Retail,sq. ft.,2127.6077,6373.753754731809,0.0,-44178.470522226184,-98281.19052222618,2019
235,4,In,0.0,932-00,High Turnover Rest.,DRIVE-IN RESTAURANTS,Commercial/Retail,sq. ft.,191225.35379999998,76164.02162524653,0.0,-31556.050373018705,-70200.85037301871,2019
236,4,In,1.0,150-00,Warehousing,"WAREHOUSING, DISTRIBUTION TERMINALS",Industrial/Manufacturing,sq. ft.,17089.072,9985.650455866195,24637.2,31556.050373018705,70200.85037301871,2019
237,4,In,1.0,210-00,Single Family Detached,SINGLE FAMILY RESIDENTIAL,Single-family,unit,81493.58,133700.68394240437,42662.35,37867.260447622444,84241.02044762245,2019
238,4,In,1.0,220-00,Apartment (Rentals),MULTI-FAMILY 10 OR MORE,Multifamily,unit,3061597.42,5546595.534483518,4122363.75,0.0,0.0,2019
239,4,In,1.0,222-00,High-Rise Apart or Condo over 3 floors,MULTI-FAMILY 10 OR MORE,Multifamily,unit,1044986.8200000001,1841267.6287028838,594228.75,12622.42014920748,28080.34014920748,2019
240,4,In,1.0,230-00,"Condominium,Townhouse",CONDOMINIUM,Single-family,unit,751957.58,1250874.3013576374,1040985.9099999999,0.0,0.0,2019
241,4,In,1.0,231-00,Duplex,MULTI-FAMILY LESS THAN 10,Multifamily,unit,17884.86,24360.71783696351,26768.52,-76933.65080941959,-171149.6732094196,2019
242,4,In,1.0,560-00,Church/Synagogue,"CHURCHES, TEMPLES",Other,sq. ft.,-9298.769199999999,-7934.190038295488,147579.8,22089.235261113092,49140.59526111309,2019
243,4,In,1.0,710-00,"General Office Building [1-50,000]","OFFICE, ONE STORY",Office,sq. ft.,61479.566119999996,97057.26055986682,117215.28000000001,-50489.68059682992,-116941.63059682993,2019
244,4,In,1.0,820-00,"Shopping Center/General Retail [1-10,000]","STORES, ONE STORY",Commercial/Retail,sq. ft.,92350.14398,141840.29142189407,685609.89,-17608.276108144433,-39172.07450814443,2019
245,4,In,1.0,890-00,Furniture Store (free standing),"WHOLESALE, PRODUCE, MFG",Commercial/Retail,sq. ft.,7513.84116,22509.494257803453,0.0,9466.815111905611,2211.9551119056123,2019
246,4,Out,0.0,140-00,Manufacturing,HEAVY INDUSTRIAL,Industrial/Manufacturing,sq. ft.,4540.79892,8395.286031430156,73285.20000000001,-23414.589376779877,-52089.030976779875,2019
247,4,Out,0.0,150-00,Warehousing,"WAREHOUSING, DISTRIBUTION TERMINALS",Industrial/Manufacturing,sq. ft.,-58142.51585999999,-36656.284338883284,142011.39,-12622.42014920748,-37018.78014920748,2019
248,4,Out,0.0,151-00,Mini-Warehouse,"WAREHOUSING, DISTRIBUTION TERMINALS",Industrial/Manufacturing,sq. ft.,428514.70003999997,485566.8046115829,454574.87,12622.42014920748,28080.34014920748,2019
249,4,Out,0.0,210-00,Single Family Detached,SINGLE FAMILY RESIDENTIAL,Single-family,unit,3762267.5401000003,6743412.619660221,7023771.06,25244.84029841496,27812.53029841496,2019
250,4,Out,0.0,220-00,Apartment (Rentals),MULTI-FAMILY 10 OR MORE,Multifamily,unit,98101.92,194167.14650900965,158690.81,85201.33600715049,19907.556007150473,2019
251,4,Out,0.0,230-00,"Condominium,Townhouse",CONDOMINIUM,Single-family,unit,1332853.72,2422270.520121846,2164562.9899999998,12622.42014920748,28080.34014920748,2019
252,4,Out,0.0,231-00,Duplex,MULTI-FAMILY LESS THAN 10,Multifamily,unit,301487.64,448635.74744385923,728139.0599999999,75734.52089524489,38956.500895244884,2019
253,4,Out,0.0,520-00,Elementary School (30 SF/St),PUBLIC COUNTY SCHOOLS,Other,student,92717.45,1598002.1546251273,0.0,75734.52089524489,38956.500895244884,2019
254,4,Out,0.0,560-00,Church/Synagogue,"CHURCHES, TEMPLES",Other,sq. ft.,-29635.959919999998,-27283.046879446818,0.0,75734.52089524489,38956.500895244884,2019
255,4,Out,0.0,710-00,"General Office Building [1-50,000]","OFFICE, ONE STORY",Office,sq. ft.,110126.38726,187579.49748695837,182198.63,75734.52089524489,38956.500895244884,2019
256,4,Out,0.0,720-00,Medical Office Building,PROFESSIONAL BUILDING,Office,sq. ft.,23172.950799999995,15658.21985077629,22936.480000000003,-11079.163825195117,-27079.507825195116,2019
257,4,Out,0.0,820-00,"Shopping Center/General Retail [1-10,000]","STORES, ONE STORY",Commercial/Retail,sq. ft.,280708.20397,465172.34123696457,667731.22,-5671.916369398499,-13863.2035893985,2019
258,4,Out,0.0,820-01,"Shopping Center/General Retail [10,001 -50,000]","STORES, ONE STORY",Commercial/Retail,sq. ft.,276883.81116,327751.66676787764,0.0,307.7545506998644,29.62855069986449,2019
259,4,Out,0.0,820-02,"Shopping Center/General Retail [50,001 -100,000]","STORES, ONE STORY",Commercial/Retail,sq. ft.,542041.40096,502274.93338920193,0.0,-31461.545694194072,20402.307605805923,2019
260,4,Out,0.0,850-00,Supermarket (free standing),SUPERMARKETS,Commercial/Retail,sq. ft.,267121.81846000004,271657.6044910395,434279.63,-76204.4359374943,49417.3540625057,2019
261,4,Out,0.0,853-00,Convenience market with Gasoline,SERVICE STATIONS,Commercial/Retail,sq. ft.,114869.15570000002,235168.61080291847,186751.1,-19359.555510787242,12554.361139212757,2019
262,4,Out,0.0,932-01,High turnover Rest/Seats,"RESTAURANTS, CAFETERIAS",Commercial/Retail,seats,40536.299999999996,22241.577911533852,0.0,-37394.605349327554,24249.80160067244,2019
263,4,Out,0.0,934-00,Fast Food Rest. w/ Drive-Thru,DRIVE-IN RESTAURANTS,Commercial/Retail,sq. ft.,13997.197,24428.628379024885,22756.260000000002,-6785.8235811006825,4400.497718899317,2019
264,4,Out,0.0,944-00,Service Stations w/ Gasoline,SERVICE STATIONS,Commercial/Retail,fuel station,51556.47,138177.58011406285,83819.12999999999,105307.27290028974,-68290.07689971026,2019
265,4,Out,1.0,220-00,Apartment (Rentals),MULTI-FAMILY 10 OR MORE,Multifamily,unit,69488.86,137535.06211054852,93967.06000000001,-105307.27290028974,68290.07689971026,2019
